CustomerID,Total_Revenue,Customer_Size
12346.0,0.0,Small
12347.0,4310.0,Medium
12348.0,1797.24,Small
12349.0,1757.55,Small
12350.0,334.4,Small
12352.0,1545.41,Small
12353.0,89.0,Small
12354.0,1079.4,Small
12355.0,459.4,Small
12356.0,2811.43,Small
12357.0,6207.67,Medium
12358.0,1168.06,Small
12359.0,6245.53,Medium
12360.0,2662.06,Small
12361.0,189.9,Small
12362.0,5154.58,Medium
12363.0,552.0,Small
12364.0,1313.1,Small
12365.0,320.69,Small
12367.0,168.9,Small
12370.0,3545.69,Medium
12371.0,1887.96,Small
12372.0,1298.04,Small
12373.0,364.6,Small
12374.0,742.93,Small
12375.0,455.42,Small
12377.0,1628.12,Small
12378.0,4008.62,Medium
12379.0,850.29,Small
12380.0,2720.56,Small
12381.0,1803.96,Small
12383.0,1839.31,Small
12384.0,566.16,Small
12386.0,401.9,Small
12388.0,2780.66,Small
12390.0,549.84,Small
12391.0,460.89,Small
12393.0,1582.6,Small
12394.0,1272.48,Small
12395.0,2998.28,Small
12397.0,2409.9,Small
12398.0,1635.66,Small
12399.0,1108.65,Small
12401.0,84.3,Small
12402.0,225.6,Small
12403.0,409.7,Small
12405.0,1710.39,Small
12406.0,3280.75,Small
12407.0,1708.12,Small
12408.0,2842.57,Small
12409.0,11056.93,Medium
12410.0,681.08,Small
12412.0,1226.88,Small
12413.0,694.15,Small
12414.0,562.41,Small
12415.0,123725.45,Large
12417.0,3578.8,Medium
12418.0,668.58,Small
12420.0,600.39,Small
12421.0,806.27,Small
12422.0,803.56,Small
12423.0,1849.11,Small
12424.0,1760.96,Small
12425.0,777.2,Small
12426.0,582.73,Small
12427.0,708.37,Small
12428.0,7877.2,Medium
12429.0,3750.4,Medium
12430.0,256.4,Small
12431.0,6416.39,Medium
12432.0,5059.32,Medium
12433.0,13375.87,Medium
12434.0,765.19,Small
12435.0,7829.89,Medium
12436.0,509.01,Small
12437.0,4896.66,Medium
12438.0,2906.85,Small
12441.0,173.55,Small
12442.0,172.06,Small
12444.0,5005.46,Medium
12445.0,133.4,Small
12446.0,1002.31,Small
12447.0,476.49,Small
12448.0,449.45,Small
12449.0,4067.29,Medium
12450.0,197.88,Small
12451.0,8933.52,Medium
12452.0,428.57,Small
12453.0,707.09,Small
12454.0,0.0,Small
12455.0,2466.86,Small
12456.0,3153.89,Small
12457.0,1917.78,Small
12458.0,947.4,Small
12461.0,826.88,Small
12462.0,1124.01,Small
12463.0,1303.63,Small
12464.0,1212.05,Small
12465.0,733.89,Small
12468.0,724.04,Small
12471.0,18740.92,Medium
12472.0,6229.48,Medium
12473.0,2848.23,Small
12474.0,7116.47,Medium
12475.0,723.38,Small
12476.0,6546.58,Medium
12477.0,13117.01,Medium
12478.0,680.99,Small
12479.0,477.3,Small
12480.0,3281.63,Small
12481.0,5590.86,Medium
12483.0,2327.13,Small
12484.0,4495.27,Medium
12488.0,1298.66,Small
12489.0,334.93,Small
12490.0,5417.93,Medium
12491.0,460.4,Small
12492.0,263.21,Small
12493.0,416.79,Small
12494.0,1139.35,Small
12497.0,1043.1,Small
12498.0,403.7,Small
12500.0,4206.27,Medium
12501.0,2089.68,Small
12502.0,3723.87,Medium
12503.0,-1126.0,Small
12504.0,114.0,Small
12505.0,-4.5,Small
12506.0,73.5,Small
12507.0,1258.06,Small
12508.0,398.27,Small
12509.0,176.5,Small
12510.0,982.57,Small
12512.0,138.03,Small
12513.0,586.79,Small
12514.0,1017.68,Small
12515.0,383.7,Small
12516.0,1312.06,Small
12517.0,2464.89,Small
12518.0,2056.89,Small
12519.0,340.84,Small
12520.0,2582.51,Small
12521.0,599.68,Small
12522.0,192.72,Small
12523.0,1745.57,Small
12524.0,4485.72,Medium
12526.0,1316.66,Small
12527.0,348.71,Small
12528.0,1922.28,Small
12530.0,1623.63,Small
12531.0,125.22,Small
12532.0,349.83,Small
12534.0,1089.18,Small
12535.0,716.35,Small
12536.0,4106.82,Medium
12538.0,363.95,Small
12539.0,3852.5,Medium
12540.0,13309.04,Medium
12541.0,981.18,Small
12544.0,355.7,Small
12545.0,1000.39,Small
12546.0,1141.5,Small
12547.0,207.8,Small
12548.0,95.2,Small
12550.0,964.83,Small
12551.0,168.0,Small
12552.0,437.82,Small
12553.0,3652.25,Medium
12556.0,603.71,Small
12557.0,11990.96,Medium
12558.0,0.0,Small
12559.0,536.21,Small
12560.0,2101.39,Small
12561.0,238.85,Small
12562.0,3781.74,Medium
12564.0,456.9,Small
12565.0,131.17,Small
12566.0,346.7,Small
12567.0,9114.94,Medium
12569.0,4064.99,Medium
12571.0,519.61,Small
12572.0,1004.72,Small
12573.0,160.54,Small
12574.0,218.45,Small
12576.0,1306.98,Small
12577.0,595.4,Small
12578.0,2753.36,Small
12579.0,410.72,Small
12580.0,415.7,Small
12581.0,197.71,Small
12582.0,511.36,Small
12583.0,7187.34,Medium
12584.0,1893.95,Small
12585.0,1982.81,Small
12586.0,179.94,Small
12587.0,144.0,Small
12588.0,214.9,Small
12589.0,646.68,Small
12590.0,9861.38,Medium
12591.0,452.85,Small
12592.0,437.6,Small
12593.0,418.1,Small
12594.0,3320.22,Small
12596.0,618.27,Small
12597.0,3683.13,Medium
12598.0,3002.68,Small
12599.0,1032.58,Small
12600.0,2581.04,Small
12601.0,569.56,Small
12602.0,153.12,Small
12603.0,739.2,Small
12604.0,254.18,Small
12605.0,-7.5,Small
12607.0,0.0,Small
12609.0,1126.85,Small
12610.0,2057.99,Small
12611.0,1193.32,Small
12612.0,643.59,Small
12613.0,3218.98,Small
12614.0,315.6,Small
12615.0,2291.19,Small
12616.0,657.25,Small
12617.0,355.53,Small
12618.0,177.31,Small
12619.0,3214.81,Small
12620.0,1339.41,Small
12621.0,13612.07,Medium
12622.0,180.1,Small
12623.0,305.1,Small
12624.0,641.13,Small
12625.0,2614.32,Small
12626.0,6388.35,Medium
12627.0,4478.53,Medium
12628.0,769.61,Small
12630.0,1270.88,Small
12631.0,640.5,Small
12633.0,2140.63,Small
12635.0,1689.18,Small
12637.0,5953.25,Medium
12638.0,671.69,Small
12639.0,486.1,Small
12640.0,1174.58,Small
12641.0,185.9,Small
12642.0,1013.26,Small
12643.0,3344.64,Small
12644.0,477.91,Small
12645.0,1755.38,Small
12646.0,1346.97,Small
12647.0,3669.92,Medium
12648.0,318.05,Small
12649.0,603.71,Small
12650.0,314.44,Small
12651.0,114.0,Small
12652.0,914.53,Small
12653.0,2209.85,Small
12654.0,601.98,Small
12656.0,3982.72,Medium
12657.0,1152.06,Small
12658.0,686.05,Small
12659.0,91.68,Small
12660.0,245.1,Small
12662.0,3817.08,Medium
12664.0,4863.88,Medium
12665.0,61.75,Small
12666.0,-227.44,Small
12667.0,620.13,Small
12668.0,3743.18,Medium
12669.0,1607.73,Small
12670.0,2986.15,Small
12672.0,225.9,Small
12673.0,610.52,Small
12674.0,1919.31,Small
12676.0,1331.39,Small
12678.0,17588.26,Medium
12679.0,1058.67,Small
12680.0,862.81,Small
12681.0,13677.59,Medium
12682.0,12288.22,Medium
12683.0,8221.09,Medium
12684.0,2283.63,Small
12685.0,2863.08,Small
12686.0,89.14,Small
12688.0,4873.81,Medium
12689.0,1247.61,Small
12690.0,389.01,Small
12691.0,1035.8,Small
12693.0,830.96,Small
12694.0,869.67,Small
12695.0,582.1,Small
12697.0,939.02,Small
12700.0,4867.99,Medium
12701.0,797.71,Small
12702.0,219.0,Small
12703.0,274.7,Small
12704.0,2220.84,Small
12705.0,6814.24,Medium
12707.0,603.42,Small
12708.0,2616.32,Small
12709.0,9294.1,Medium
12710.0,1130.57,Small
12712.0,4241.63,Medium
12713.0,848.55,Small
12714.0,4708.86,Medium
12715.0,353.86,Small
12716.0,1053.49,Small
12717.0,980.98,Small
12718.0,238.25,Small
12719.0,608.1,Small
12720.0,5713.28,Medium
12721.0,2628.98,Small
12722.0,904.33,Small
12723.0,725.07,Small
12724.0,1031.41,Small
12725.0,427.8,Small
12726.0,2609.1,Small
12727.0,3947.7,Medium
12728.0,836.33,Small
12729.0,453.01,Small
12731.0,18793.41,Medium
12732.0,236.26,Small
12733.0,383.95,Small
12734.0,110.4,Small
12735.0,779.57,Small
12736.0,234.0,Small
12738.0,155.35,Small
12739.0,1013.04,Small
12740.0,427.6,Small
12743.0,546.43,Small
12744.0,9120.39,Medium
12747.0,4196.01,Medium
12748.0,29072.1,Medium
12749.0,3868.2,Medium
12750.0,275.88,Small
12752.0,4366.78,Medium
12753.0,21024.01,Medium
12754.0,2949.12,Small
12755.0,2203.2,Small
12756.0,112.08,Small
12757.0,4227.7,Medium
12758.0,2791.59,Small
12759.0,1531.44,Small
12762.0,1898.52,Small
12763.0,494.08,Small
12764.0,1693.88,Small
12766.0,6989.63,Medium
12769.0,1143.6,Small
12770.0,1351.45,Small
12772.0,892.47,Small
12775.0,1351.24,Small
12778.0,804.23,Small
12779.0,3868.7,Medium
12781.0,707.72,Small
12782.0,2273.32,Small
12783.0,1603.87,Small
12784.0,574.42,Small
12785.0,305.71,Small
12787.0,463.66,Small
12789.0,91.85,Small
12790.0,324.92,Small
12791.0,192.6,Small
12792.0,400.54,Small
12793.0,545.48,Small
12794.0,860.41,Small
12795.0,430.48,Small
12797.0,194.18,Small
12798.0,6977.04,Medium
12802.0,412.58,Small
12808.0,483.65,Small
12809.0,484.36,Small
12811.0,514.85,Small
12812.0,229.64,Small
12814.0,125.92,Small
12815.0,1063.46,Small
12816.0,572.2,Small
12817.0,166.04,Small
12818.0,1517.88,Small
12820.0,942.34,Small
12821.0,92.72,Small
12822.0,918.98,Small
12823.0,1759.5,Small
12824.0,397.12,Small
12826.0,1468.12,Small
12827.0,430.15,Small
12828.0,1018.71,Small
12829.0,253.05,Small
12830.0,6748.4,Medium
12831.0,215.05,Small
12832.0,383.03,Small
12833.0,417.38,Small
12834.0,312.38,Small
12836.0,2612.86,Small
12837.0,134.1,Small
12838.0,683.13,Small
12839.0,5583.62,Medium
12840.0,2714.27,Small
12841.0,3876.4,Medium
12842.0,1118.99,Small
12843.0,1680.76,Small
12844.0,325.96,Small
12845.0,354.09,Small
12847.0,871.54,Small
12849.0,1050.89,Small
12851.0,135.18,Small
12852.0,299.75,Small
12853.0,1881.7,Small
12854.0,1289.15,Small
12855.0,38.1,Small
12856.0,2162.68,Small
12857.0,1106.4,Small
12863.0,504.2,Small
12864.0,147.12,Small
12865.0,1548.07,Small
12866.0,559.12,Small
12867.0,3986.22,Medium
12868.0,1607.06,Small
12870.0,-14.9,Small
12871.0,380.64,Small
12872.0,599.97,Small
12873.0,374.0,Small
12875.0,343.23,Small
12876.0,2218.02,Small
12877.0,1535.77,Small
12878.0,841.64,Small
12879.0,552.57,Small
12881.0,298.0,Small
12882.0,1463.04,Small
12883.0,703.47,Small
12884.0,309.05,Small
12885.0,1158.27,Small
12886.0,1351.09,Small
12888.0,313.77,Small
12890.0,380.47,Small
12891.0,331.0,Small
12893.0,188.14,Small
12895.0,347.3,Small
12897.0,216.5,Small
12901.0,16293.1,Medium
12902.0,138.68,Small
12904.0,509.58,Small
12906.0,2919.81,Small
12908.0,246.0,Small
12909.0,2128.83,Small
12910.0,3075.04,Small
12912.0,1662.3,Small
12913.0,2483.63,Small
12915.0,363.65,Small
12916.0,2982.35,Small
12917.0,594.0,Small
12919.0,1301.44,Small
12920.0,164.23,Small
12921.0,16389.74,Medium
12922.0,405.38,Small
12923.0,176.97,Small
12924.0,929.95,Small
12925.0,694.05,Small
12928.0,2062.7,Small
12929.0,105.1,Small
12930.0,409.9,Small
12931.0,33462.81,Medium
12933.0,606.28,Small
12935.0,2156.45,Small
12936.0,1012.9,Small
12937.0,1504.27,Small
12938.0,114.14,Small
12939.0,11581.8,Medium
12940.0,876.29,Small
12942.0,683.9,Small
12943.0,-3.75,Small
12944.0,604.51,Small
12945.0,462.95,Small
12947.0,1407.29,Small
12948.0,2053.7,Small
12949.0,4143.02,Medium
12950.0,1843.0,Small
12951.0,1042.07,Small
12952.0,1382.84,Small
12953.0,329.85,Small
12955.0,4734.26,Medium
12956.0,108.07,Small
12957.0,3979.04,Medium
12962.0,266.39,Small
12963.0,1841.03,Small
12965.0,771.91,Small
12966.0,160.18,Small
12967.0,1194.75,Small
12968.0,135.95,Small
12970.0,452.24,Small
12971.0,10930.26,Medium
12974.0,144.8,Small
12976.0,738.6,Small
12977.0,39.24,Small
12980.0,7092.06,Medium
12981.0,372.22,Small
12982.0,377.2,Small
12984.0,97.5,Small
12985.0,1215.62,Small
12987.0,545.0,Small
12988.0,535.32,Small
12989.0,6854.51,Medium
12990.0,409.5,Small
12991.0,503.76,Small
12993.0,414.76,Small
12994.0,902.22,Small
12995.0,200.72,Small
12997.0,1197.94,Small
12999.0,455.88,Small
13000.0,534.85,Small
13001.0,9797.92,Medium
13002.0,120.95,Small
13003.0,149.05,Small
13004.0,5613.43,Medium
13005.0,468.95,Small
13006.0,81.57,Small
13008.0,178.47,Small
13011.0,50.55,Small
13012.0,1311.62,Small
13013.0,4786.99,Medium
13014.0,3365.43,Small
13015.0,3346.28,Small
13016.0,789.89,Small
13017.0,204.0,Small
13018.0,7272.75,Medium
13021.0,2584.4,Small
13023.0,689.9,Small
13026.0,936.15,Small
13027.0,6912.0,Medium
13028.0,659.68,Small
13029.0,1247.5,Small
13030.0,799.48,Small
13032.0,996.52,Small
13033.0,190.55,Small
13034.0,642.77,Small
13035.0,886.63,Small
13037.0,881.07,Small
13038.0,908.46,Small
13040.0,676.99,Small
13043.0,471.57,Small
13044.0,560.47,Small
13045.0,305.28,Small
13046.0,629.31,Small
13047.0,3079.1,Small
13048.0,1805.91,Small
13049.0,656.68,Small
13050.0,5684.61,Medium
13052.0,348.15,Small
13055.0,1201.96,Small
13058.0,271.4,Small
13059.0,183.4,Small
13060.0,307.53,Small
13061.0,248.61,Small
13062.0,346.98,Small
13064.0,1119.49,Small
13065.0,205.86,Small
13066.0,430.9,Small
13067.0,115.46,Small
13068.0,344.0,Small
13069.0,3717.82,Medium
13070.0,228.8,Small
13072.0,177.15,Small
13075.0,919.61,Small
13077.0,729.27,Small
13078.0,12432.28,Medium
13079.0,220.1,Small
13080.0,58.08,Small
13081.0,27964.48,Medium
13082.0,3595.48,Medium
13083.0,303.75,Small
13085.0,272.38,Small
13089.0,57385.88,Large
13090.0,8689.39,Medium
13091.0,319.82,Small
13092.0,459.83,Small
13093.0,7741.47,Medium
13094.0,1708.86,Small
13095.0,74.4,Small
13097.0,5893.32,Medium
13098.0,28658.88,Medium
13099.0,207.36,Small
13101.0,101.19,Small
13102.0,6336.29,Medium
13103.0,243.94,Small
13104.0,1098.48,Small
13106.0,59.5,Small
13107.0,1524.07,Small
13108.0,350.06,Small
13109.0,766.84,Small
13110.0,1452.87,Small
13113.0,10510.0,Medium
13115.0,2205.63,Small
13116.0,485.19,Small
13117.0,984.91,Small
13118.0,1125.0,Small
13120.0,30.6,Small
13121.0,254.73,Small
13122.0,922.39,Small
13124.0,3866.33,Medium
13126.0,2056.29,Small
13127.0,259.17,Small
13130.0,64.0,Small
13131.0,1039.3,Small
13132.0,77.3,Small
13133.0,109.8,Small
13134.0,1740.63,Small
13135.0,3096.0,Small
13136.0,2545.38,Small
13137.0,3605.08,Medium
13138.0,962.39,Small
13139.0,5055.79,Medium
13140.0,423.72,Small
13141.0,2385.8,Small
13142.0,307.09,Small
13144.0,110.95,Small
13145.0,614.77,Small
13146.0,228.91,Small
13147.0,712.8,Small
13148.0,3348.48,Small
13149.0,1676.06,Small
13151.0,1250.37,Small
13153.0,486.22,Small
13154.0,-611.86,Small
13155.0,971.76,Small
13157.0,1721.57,Small
13158.0,1201.06,Small
13159.0,1379.75,Small
13160.0,91.8,Small
13161.0,112.75,Small
13162.0,1644.99,Small
13165.0,1021.48,Small
13166.0,414.7,Small
13167.0,791.33,Small
13168.0,1310.14,Small
13169.0,712.88,Small
13170.0,116.01,Small
13171.0,426.81,Small
13173.0,353.65,Small
13174.0,2817.03,Small
13176.0,492.84,Small
13177.0,282.45,Small
13178.0,5725.47,Medium
13182.0,121.18,Small
13183.0,3957.78,Medium
13184.0,1648.79,Small
13185.0,71.4,Small
13186.0,1539.69,Small
13187.0,236.02,Small
13188.0,114.6,Small
13189.0,260.68,Small
13192.0,911.94,Small
13193.0,117.88,Small
13194.0,60.7,Small
13196.0,1797.78,Small
13198.0,3384.09,Small
13199.0,9803.96,Medium
13200.0,870.09,Small
13203.0,869.46,Small
13207.0,250.26,Small
13208.0,1205.9,Small
13209.0,5820.16,Medium
13210.0,353.48,Small
13211.0,1197.42,Small
13212.0,780.58,Small
13213.0,1518.43,Small
13216.0,333.74,Small
13217.0,133.62,Small
13218.0,62.64,Small
13220.0,819.29,Small
13221.0,847.41,Small
13223.0,163.2,Small
13224.0,2150.85,Small
13225.0,6083.04,Medium
13226.0,108.21,Small
13227.0,257.7,Small
13228.0,358.0,Small
13229.0,160.95,Small
13230.0,2763.41,Small
13232.0,1357.6,Small
13233.0,605.12,Small
13235.0,101.17,Small
13236.0,727.27,Small
13238.0,680.83,Small
13239.0,329.56,Small
13240.0,663.65,Small
13242.0,270.4,Small
13243.0,600.07,Small
13244.0,121.74,Small
13245.0,430.5,Small
13246.0,1922.1,Small
13247.0,501.12,Small
13248.0,465.68,Small
13249.0,711.41,Small
13253.0,1030.4,Small
13255.0,390.66,Small
13256.0,0.0,Small
13258.0,698.58,Small
13259.0,292.32,Small
13260.0,557.62,Small
13261.0,944.1,Small
13262.0,200.29,Small
13263.0,7454.07,Medium
13265.0,2107.66,Small
13266.0,3717.67,Medium
13267.0,4404.44,Medium
13268.0,3167.64,Small
13269.0,5315.92,Medium
13270.0,590.0,Small
13271.0,178.26,Small
13272.0,276.56,Small
13273.0,138.98,Small
13276.0,590.93,Small
13277.0,258.4,Small
13278.0,542.73,Small
13279.0,126.3,Small
13280.0,814.86,Small
13282.0,1047.84,Small
13283.0,93.66,Small
13284.0,196.15,Small
13285.0,2709.12,Small
13291.0,361.11,Small
13292.0,578.94,Small
13294.0,873.74,Small
13295.0,197.95,Small
13296.0,87.4,Small
13297.0,2089.85,Small
13298.0,360.0,Small
13299.0,142.5,Small
13300.0,365.29,Small
13301.0,618.09,Small
13302.0,63.75,Small
13304.0,300.42,Small
13305.0,2000.86,Small
13307.0,15.0,Small
13308.0,1367.61,Small
13309.0,1456.79,Small
13310.0,1083.63,Small
13311.0,598.57,Small
13313.0,1555.32,Small
13314.0,578.66,Small
13316.0,5815.49,Medium
13317.0,2140.07,Small
13318.0,640.76,Small
13319.0,10664.34,Medium
13320.0,1491.7,Small
13321.0,567.36,Small
13322.0,199.48,Small
13323.0,787.85,Small
13324.0,7072.8,Medium
13325.0,675.3,Small
13327.0,3617.57,Medium
13328.0,1308.48,Small
13329.0,740.4,Small
13330.0,1140.93,Small
13332.0,350.9,Small
13334.0,3536.82,Medium
13336.0,795.12,Small
13338.0,431.82,Small
13339.0,860.12,Small
13340.0,10736.48,Medium
13341.0,775.85,Small
13343.0,303.93,Small
13344.0,2543.72,Small
13345.0,377.6,Small
13347.0,341.36,Small
13348.0,233.76,Small
13349.0,247.32,Small
13350.0,910.72,Small
13351.0,373.94,Small
13352.0,389.28,Small
13354.0,743.53,Small
13355.0,674.7,Small
13356.0,768.24,Small
13357.0,609.95,Small
13358.0,439.03,Small
13359.0,431.26,Small
13362.0,3085.49,Small
13363.0,992.5,Small
13364.0,0.0,Small
13365.0,2191.22,Small
13366.0,56.16,Small
13368.0,623.4,Small
13369.0,263.75,Small
13370.0,721.32,Small
13372.0,378.64,Small
13373.0,3312.25,Small
13375.0,772.9,Small
13376.0,1019.76,Small
13379.0,572.56,Small
13381.0,3626.81,Medium
13382.0,222.99,Small
13384.0,4122.28,Medium
13385.0,534.57,Small
13388.0,627.15,Small
13389.0,797.96,Small
13390.0,544.08,Small
13391.0,59.8,Small
13394.0,2312.8,Small
13395.0,307.72,Small
13396.0,1325.29,Small
13397.0,1539.18,Small
13398.0,457.34,Small
13402.0,621.23,Small
13403.0,75.0,Small
13404.0,252.49,Small
13405.0,572.45,Small
13408.0,27487.41,Medium
13410.0,988.91,Small
13411.0,213.55,Small
13414.0,1390.5,Small
13416.0,712.5,Small
13417.0,640.83,Small
13418.0,5845.44,Medium
13419.0,221.06,Small
13420.0,140.35,Small
13421.0,1848.98,Small
13422.0,2601.55,Small
13425.0,1624.21,Small
13426.0,3550.7,Medium
13427.0,582.6,Small
13428.0,218.47,Small
13429.0,1006.8,Small
13430.0,648.69,Small
13431.0,1269.1,Small
13434.0,534.24,Small
13435.0,3794.49,Medium
13436.0,196.89,Small
13437.0,3408.06,Small
13439.0,283.71,Small
13441.0,296.64,Small
13447.0,1104.23,Small
13448.0,3465.67,Small
13449.0,291.88,Small
13450.0,2043.72,Small
13451.0,2916.45,Small
13452.0,590.0,Small
13453.0,356.98,Small
13455.0,1007.35,Small
13456.0,1737.82,Small
13458.0,9537.92,Medium
13460.0,183.44,Small
13461.0,1445.0,Small
13462.0,143.25,Small
13464.0,674.68,Small
13466.0,297.95,Small
13467.0,1083.71,Small
13468.0,5656.75,Medium
13470.0,165.0,Small
13471.0,2531.58,Small
13473.0,417.54,Small
13474.0,229.59,Small
13475.0,1431.78,Small
13476.0,1092.77,Small
13477.0,1441.53,Small
13479.0,291.0,Small
13481.0,1776.81,Small
13482.0,184.64,Small
13483.0,140.34,Small
13484.0,313.8,Small
13485.0,454.24,Small
13486.0,1122.41,Small
13487.0,575.4,Small
13488.0,8910.61,Medium
13489.0,449.52,Small
13491.0,1215.82,Small
13492.0,1269.84,Small
13493.0,618.63,Small
13494.0,316.26,Small
13495.0,1990.12,Small
13496.0,617.93,Small
13497.0,321.05,Small
13499.0,1146.96,Small
13500.0,1136.77,Small
13501.0,1310.47,Small
13502.0,292.0,Small
13503.0,216.85,Small
13504.0,295.93,Small
13505.0,4282.88,Medium
13506.0,452.82,Small
13507.0,2479.16,Small
13508.0,110.97,Small
13509.0,979.72,Small
13510.0,1785.16,Small
13512.0,251.21,Small
13513.0,205.1,Small
13514.0,152.2,Small
13515.0,891.12,Small
13516.0,1389.41,Small
13517.0,2109.07,Small
13518.0,659.44,Small
13519.0,110.8,Small
13520.0,3487.75,Small
13521.0,1093.65,Small
13522.0,125.8,Small
13523.0,3755.38,Medium
13524.0,680.18,Small
13525.0,628.78,Small
13527.0,2263.76,Small
13529.0,307.76,Small
13531.0,483.8,Small
13532.0,210.31,Small
13533.0,270.79,Small
13534.0,5613.08,Medium
13536.0,3448.29,Small
13538.0,1280.85,Small
13539.0,605.84,Small
13544.0,291.41,Small
13546.0,626.99,Small
13548.0,682.41,Small
13549.0,916.12,Small
13551.0,91.8,Small
13552.0,3539.53,Medium
13555.0,4149.28,Medium
13557.0,584.06,Small
13558.0,605.06,Small
13560.0,174.37,Small
13561.0,141.86,Small
13562.0,1799.33,Small
13563.0,777.53,Small
13564.0,647.74,Small
13565.0,240.22,Small
13566.0,874.71,Small
13568.0,192.85,Small
13569.0,373.75,Small
13570.0,239.49,Small
13571.0,2092.32,Small
13572.0,1384.25,Small
13573.0,294.4,Small
13575.0,732.07,Small
13576.0,6703.3,Medium
13577.0,1658.3,Small
13579.0,467.04,Small
13581.0,118.0,Small
13583.0,781.03,Small
13584.0,142.4,Small
13587.0,347.0,Small
13588.0,2445.12,Small
13589.0,379.65,Small
13590.0,1976.12,Small
13591.0,1117.13,Small
13592.0,247.96,Small
13593.0,1990.28,Small
13594.0,396.97,Small
13596.0,697.04,Small
13598.0,167.42,Small
13599.0,5030.6,Medium
13600.0,219.52,Small
13601.0,693.32,Small
13602.0,428.89,Small
13603.0,164.34,Small
13606.0,280.54,Small
13607.0,678.01,Small
13610.0,1115.43,Small
13611.0,1158.2,Small
13614.0,1610.46,Small
13615.0,399.99,Small
13617.0,544.18,Small
13618.0,177.34,Small
13621.0,213.85,Small
13623.0,672.44,Small
13626.0,257.23,Small
13627.0,1624.02,Small
13629.0,7792.36,Medium
13630.0,1995.68,Small
13631.0,3021.77,Small
13632.0,2117.02,Small
13634.0,1575.16,Small
13635.0,1071.03,Small
13636.0,941.62,Small
13637.0,810.5,Small
13638.0,122.64,Small
13639.0,1033.34,Small
13642.0,354.8,Small
13643.0,519.44,Small
13644.0,2597.52,Small
13645.0,252.1,Small
13647.0,1670.22,Small
13649.0,346.6,Small
13650.0,1809.34,Small
13651.0,94.2,Small
13652.0,1095.08,Small
13654.0,2707.33,Small
13655.0,932.97,Small
13656.0,379.65,Small
13657.0,382.14,Small
13658.0,2421.47,Small
13659.0,1550.85,Small
13662.0,879.08,Small
13663.0,189.47,Small
13666.0,84.65,Small
13667.0,305.02,Small
13668.0,6216.07,Medium
13669.0,218.55,Small
13670.0,349.7,Small
13672.0,-71.46,Small
13673.0,396.92,Small
13675.0,486.82,Small
13678.0,232.6,Small
13680.0,2202.31,Small
13681.0,827.83,Small
13682.0,59.5,Small
13684.0,64.23,Small
13685.0,3119.44,Small
13686.0,72.0,Small
13689.0,910.0,Small
13690.0,172.25,Small
13692.0,1466.87,Small
13693.0,-32.0,Small
13694.0,62653.1,Large
13695.0,2504.13,Small
13697.0,151.3,Small
13699.0,308.58,Small
13700.0,2265.12,Small
13703.0,99.5,Small
13704.0,2295.31,Small
13705.0,711.86,Small
13706.0,330.79,Small
13707.0,806.41,Small
13708.0,296.88,Small
13709.0,6249.11,Medium
13710.0,180.48,Small
13711.0,252.06,Small
13712.0,228.84,Small
13715.0,1053.94,Small
13716.0,138.28,Small
13717.0,1432.26,Small
13718.0,306.55,Small
13719.0,1041.68,Small
13720.0,799.9,Small
13721.0,524.14,Small
13722.0,2369.16,Small
13723.0,199.85,Small
13725.0,1809.81,Small
13726.0,1079.66,Small
13727.0,333.48,Small
13728.0,1016.14,Small
13730.0,752.6,Small
13731.0,610.59,Small
13732.0,491.86,Small
13735.0,2766.18,Small
13736.0,724.0,Small
13737.0,339.6,Small
13739.0,216.9,Small
13740.0,350.75,Small
13741.0,666.33,Small
13742.0,3102.42,Small
13743.0,1340.15,Small
13744.0,1156.36,Small
13745.0,291.54,Small
13747.0,79.6,Small
13748.0,948.25,Small
13750.0,1647.26,Small
13751.0,296.25,Small
13752.0,1186.28,Small
13753.0,741.26,Small
13754.0,282.6,Small
13755.0,2154.68,Small
13756.0,5145.12,Medium
13758.0,3190.55,Small
13759.0,659.41,Small
13760.0,286.79,Small
13761.0,1070.65,Small
13762.0,0.0,Small
13763.0,1689.46,Small
13764.0,1521.76,Small
13767.0,16945.71,Medium
13769.0,2771.87,Small
13771.0,2631.7,Small
13772.0,1132.13,Small
13774.0,345.0,Small
13777.0,25748.35,Medium
13778.0,178.7,Small
13780.0,360.01,Small
13781.0,127.84,Small
13782.0,912.0,Small
13784.0,2462.79,Small
13786.0,230.4,Small
13787.0,309.04,Small
13790.0,348.8,Small
13791.0,1047.68,Small
13792.0,195.55,Small
13798.0,36351.42,Medium
13799.0,688.86,Small
13800.0,558.32,Small
13801.0,324.8,Small
13802.0,3906.27,Medium
13803.0,277.07,Small
13804.0,2635.79,Small
13805.0,924.6,Small
13806.0,256.38,Small
13807.0,112.6,Small
13808.0,1747.66,Small
13809.0,155.05,Small
13810.0,899.51,Small
13811.0,591.75,Small
13812.0,539.0,Small
13813.0,1353.41,Small
13814.0,1562.12,Small
13815.0,4014.91,Medium
13816.0,555.04,Small
13817.0,382.98,Small
13819.0,1140.35,Small
13821.0,385.64,Small
13822.0,632.0,Small
13823.0,957.66,Small
13824.0,1698.94,Small
13826.0,174.65,Small
13827.0,412.05,Small
13828.0,209.49,Small
13829.0,-102.0,Small
13831.0,2202.99,Small
13832.0,40.95,Small
13833.0,384.8,Small
13835.0,834.57,Small
13837.0,271.24,Small
13838.0,691.73,Small
13841.0,85.0,Small
13842.0,3385.62,Small
13844.0,361.62,Small
13845.0,312.98,Small
13846.0,847.61,Small
13848.0,1255.0,Small
13849.0,1537.95,Small
13850.0,1586.81,Small
13851.0,2651.46,Small
13853.0,1056.94,Small
13854.0,8025.02,Medium
13856.0,363.4,Small
13858.0,216.17,Small
13859.0,201.16,Small
13860.0,1240.0,Small
13862.0,2187.31,Small
13863.0,299.56,Small
13865.0,501.56,Small
13866.0,145.67,Small
13867.0,1015.29,Small
13868.0,3192.54,Small
13869.0,3104.95,Small
13870.0,2751.25,Small
13871.0,6389.8,Medium
13873.0,381.7,Small
13874.0,540.45,Small
13875.0,1786.79,Small
13876.0,122.7,Small
13877.0,117.24,Small
13878.0,1281.53,Small
13880.0,3219.77,Small
13881.0,16989.52,Medium
13882.0,1131.28,Small
13883.0,2538.75,Small
13884.0,781.3,Small
13885.0,506.8,Small
13886.0,243.56,Small
13887.0,349.55,Small
13888.0,605.63,Small
13889.0,416.9,Small
13890.0,1860.86,Small
13892.0,632.97,Small
13893.0,821.1,Small
13894.0,535.97,Small
13895.0,2588.12,Small
13897.0,311.16,Small
13898.0,155.93,Small
13899.0,388.52,Small
13900.0,740.95,Small
13901.0,2867.2,Small
13904.0,332.64,Small
13908.0,2347.05,Small
13911.0,2580.91,Small
13914.0,613.95,Small
13917.0,272.04,Small
13918.0,1212.84,Small
13919.0,350.16,Small
13922.0,172.25,Small
13923.0,351.13,Small
13924.0,1682.08,Small
13925.0,616.65,Small
13926.0,223.85,Small
13927.0,348.99,Small
13928.0,464.57,Small
13929.0,802.85,Small
13930.0,337.34,Small
13931.0,1230.93,Small
13932.0,307.4,Small
13933.0,608.79,Small
13934.0,922.1,Small
13936.0,361.28,Small
13937.0,158.85,Small
13938.0,71.66,Small
13939.0,556.75,Small
13940.0,839.14,Small
13941.0,4912.41,Medium
13946.0,561.57,Small
13947.0,90.6,Small
13948.0,102.0,Small
13949.0,2427.32,Small
13950.0,728.56,Small
13951.0,674.45,Small
13952.0,3246.09,Small
13953.0,3515.68,Medium
13954.0,378.59,Small
13955.0,322.96,Small
13956.0,1026.42,Small
13958.0,-102.45,Small
13959.0,598.2,Small
13960.0,230.22,Small
13962.0,169.55,Small
13963.0,664.54,Small
13967.0,80.7,Small
13969.0,8986.69,Medium
13971.0,2702.22,Small
13972.0,190.25,Small
13973.0,264.7,Small
13974.0,413.59,Small
13975.0,2503.23,Small
13976.0,357.98,Small
13978.0,196.79,Small
13979.0,869.87,Small
13980.0,200.14,Small
13982.0,1861.11,Small
13983.0,2590.46,Small
13984.0,488.03,Small
13985.0,7024.53,Medium
13986.0,320.46,Small
13988.0,4098.8,Medium
13989.0,1266.08,Small
13990.0,311.3,Small
13991.0,850.63,Small
13992.0,76.8,Small
13993.0,3409.66,Small
13994.0,2313.14,Small
13995.0,1383.49,Small
13999.0,3865.26,Medium
14000.0,633.71,Small
14001.0,2030.33,Small
14002.0,529.73,Small
14004.0,4582.64,Medium
14005.0,2874.72,Small
14006.0,962.19,Small
14009.0,685.93,Small
14012.0,328.8,Small
14013.0,473.02,Small
14014.0,505.18,Small
14015.0,917.34,Small
14016.0,4328.46,Medium
14019.0,1398.96,Small
14020.0,642.8,Small
14021.0,631.9,Small
14022.0,440.0,Small
14023.0,584.07,Small
14024.0,327.7,Small
14027.0,104.82,Small
14029.0,467.66,Small
14030.0,2360.09,Small
14031.0,14634.64,Medium
14032.0,2929.84,Small
14034.0,512.02,Small
14035.0,1428.02,Small
14036.0,626.65,Small
14037.0,147.2,Small
14038.0,1554.48,Small
14039.0,152.2,Small
14040.0,3542.19,Medium
14041.0,141.41,Small
14044.0,652.82,Small
14045.0,1659.75,Small
14046.0,154.99,Small
14047.0,1290.01,Small
14048.0,375.13,Small
14049.0,5639.15,Medium
14050.0,746.36,Small
14051.0,15477.34,Medium
14052.0,225.36,Small
14053.0,260.25,Small
14054.0,92.46,Small
14055.0,725.64,Small
14056.0,8124.4,Medium
14057.0,6147.4,Medium
14059.0,183.6,Small
14060.0,6135.38,Medium
14062.0,10464.85,Medium
14064.0,1188.32,Small
14066.0,152.55,Small
14067.0,374.7,Small
14068.0,265.85,Small
14071.0,1307.41,Small
14073.0,139.54,Small
14075.0,942.26,Small
14076.0,122.47,Small
14077.0,499.42,Small
14078.0,1049.37,Small
14079.0,375.1,Small
14080.0,45.6,Small
14081.0,904.67,Small
14082.0,182.25,Small
14083.0,1018.43,Small
14085.0,4435.79,Medium
14087.0,181.67,Small
14088.0,50415.49,Large
14089.0,161.0,Small
14090.0,76.32,Small
14092.0,4063.1,Medium
14093.0,442.85,Small
14096.0,57120.91,Large
14098.0,147.35,Small
14099.0,3092.97,Small
14100.0,194.9,Small
14101.0,5976.79,Medium
14102.0,1314.73,Small
14104.0,216.21,Small
14105.0,1260.33,Small
14107.0,2688.48,Small
14108.0,594.16,Small
14109.0,80.2,Small
14110.0,5669.65,Medium
14111.0,688.6,Small
14112.0,2774.17,Small
14113.0,1377.92,Small
14114.0,386.53,Small
14116.0,1382.74,Small
14117.0,90.0,Small
14119.0,-19.9,Small
14121.0,2740.3,Small
14124.0,419.58,Small
14125.0,2740.43,Small
14126.0,643.63,Small
14127.0,709.71,Small
14128.0,637.5,Small
14129.0,1123.86,Small
14130.0,483.86,Small
14132.0,3580.13,Medium
14133.0,590.34,Small
14135.0,4690.31,Medium
14138.0,982.38,Small
14139.0,415.82,Small
14140.0,920.05,Small
14141.0,879.03,Small
14142.0,311.81,Small
14143.0,115.8,Small
14145.0,3148.2,Small
14146.0,2949.57,Small
14147.0,468.4,Small
14148.0,157.2,Small
14149.0,259.43,Small
14150.0,658.64,Small
14152.0,611.09,Small
14154.0,1345.62,Small
14155.0,118.75,Small
14156.0,113384.14,Large
14157.0,400.43,Small
14158.0,507.66,Small
14159.0,4678.3,Medium
14161.0,1110.52,Small
14162.0,289.36,Small
14163.0,2445.91,Small
14164.0,1631.77,Small
14165.0,122.54,Small
14167.0,574.84,Small
14171.0,363.79,Small
14173.0,450.84,Small
14174.0,134.46,Small
14175.0,3108.06,Small
14176.0,574.0,Small
14177.0,554.46,Small
14178.0,1620.93,Small
14179.0,719.78,Small
14180.0,4640.77,Medium
14184.0,452.89,Small
14185.0,197.65,Small
14188.0,2018.91,Small
14189.0,4604.31,Medium
14191.0,4660.01,Medium
14193.0,853.39,Small
14194.0,11216.75,Medium
14195.0,962.7,Small
14196.0,335.52,Small
14198.0,663.5,Small
14199.0,185.4,Small
14201.0,688.04,Small
14204.0,161.03,Small
14205.0,218.78,Small
14206.0,308.26,Small
14208.0,151.74,Small
14209.0,2067.13,Small
14210.0,1900.89,Small
14211.0,2208.3,Small
14212.0,1070.48,Small
14213.0,-1192.2,Small
14214.0,1000.23,Small
14215.0,1777.92,Small
14216.0,1839.3,Small
14217.0,1925.36,Small
14218.0,169.48,Small
14219.0,89.94,Small
14220.0,632.4,Small
14221.0,3427.85,Small
14222.0,683.17,Small
14223.0,975.23,Small
14224.0,1050.12,Small
14226.0,2201.64,Small
14227.0,3315.71,Small
14229.0,1450.6,Small
14231.0,822.06,Small
14232.0,2043.93,Small
14233.0,1447.51,Small
14234.0,775.46,Small
14235.0,3093.86,Small
14236.0,490.86,Small
14237.0,161.0,Small
14238.0,146.85,Small
14239.0,2323.5,Small
14240.0,890.34,Small
14241.0,213.7,Small
14242.0,280.55,Small
14243.0,2535.88,Small
14245.0,1677.48,Small
14246.0,1474.06,Small
14247.0,136.77,Small
14248.0,302.58,Small
14250.0,1904.05,Small
14251.0,2879.7,Small
14256.0,935.06,Small
14257.0,3087.27,Small
14258.0,12650.08,Medium
14259.0,120.0,Small
14261.0,1163.45,Small
14262.0,2618.23,Small
14264.0,319.47,Small
14265.0,530.18,Small
14267.0,1279.09,Small
14270.0,492.65,Small
14271.0,112.32,Small
14272.0,437.96,Small
14273.0,559.97,Small
14276.0,1019.39,Small
14277.0,3957.0,Medium
14280.0,134.04,Small
14282.0,3729.34,Medium
14284.0,578.45,Small
14285.0,1910.01,Small
14286.0,4595.81,Medium
14287.0,151.23,Small
14288.0,413.85,Small
14289.0,911.26,Small
14290.0,2307.45,Small
14291.0,3873.3,Medium
14292.0,4819.33,Medium
14293.0,1046.56,Small
14295.0,154.7,Small
14297.0,1284.06,Small
14298.0,50862.44,Large
14299.0,2855.35,Small
14300.0,43.2,Small
14301.0,632.04,Small
14304.0,197.1,Small
14305.0,1803.76,Small
14306.0,2083.42,Small
14307.0,2995.72,Small
14309.0,2319.68,Small
14311.0,229.71,Small
14312.0,1611.59,Small
14314.0,120.0,Small
14315.0,2456.98,Small
14317.0,508.58,Small
14320.0,343.11,Small
14321.0,1530.75,Small
14323.0,574.26,Small
14326.0,166.85,Small
14327.0,311.65,Small
14329.0,4928.74,Medium
14331.0,462.66,Small
14332.0,866.31,Small
14333.0,351.45,Small
14334.0,2539.46,Small
14335.0,468.26,Small
14336.0,1614.91,Small
14338.0,554.22,Small
14339.0,289.91,Small
14340.0,134.7,Small
14341.0,2166.38,Small
14342.0,607.71,Small
14344.0,889.93,Small
14345.0,108.98,Small
14346.0,1021.58,Small
14348.0,409.57,Small
14349.0,133.5,Small
14350.0,258.7,Small
14351.0,51.0,Small
14352.0,1078.96,Small
14353.0,90.6,Small
14354.0,163.62,Small
14355.0,174.4,Small
14356.0,666.94,Small
14357.0,225.77,Small
14359.0,882.58,Small
14360.0,2128.23,Small
14362.0,161.2,Small
14364.0,3717.35,Medium
14367.0,9167.82,Medium
14368.0,155.0,Small
14371.0,100.5,Small
14373.0,76.55,Small
14375.0,257.68,Small
14377.0,617.05,Small
14379.0,348.1,Small
14381.0,202.68,Small
14382.0,626.07,Small
14383.0,1247.69,Small
14385.0,202.11,Small
14386.0,142.4,Small
14387.0,1770.56,Small
14388.0,3172.04,Small
14389.0,999.72,Small
14390.0,4592.47,Medium
14393.0,67.95,Small
14395.0,3471.91,Small
14396.0,487.99,Small
14397.0,2556.68,Small
14400.0,559.7,Small
14401.0,4039.98,Medium
14403.0,1426.31,Small
14404.0,1434.72,Small
14406.0,156.75,Small
14407.0,2111.08,Small
14408.0,2606.53,Small
14409.0,1908.25,Small
14410.0,576.3,Small
14411.0,1063.0,Small
14412.0,761.33,Small
14413.0,122.7,Small
14414.0,1485.13,Small
14415.0,5811.56,Medium
14416.0,490.22,Small
14418.0,1937.25,Small
14419.0,1058.06,Small
14420.0,385.87,Small
14421.0,813.11,Small
14422.0,4263.64,Medium
14423.0,265.2,Small
14424.0,322.08,Small
14426.0,3918.9,Medium
14427.0,363.34,Small
14428.0,1230.14,Small
14431.0,397.76,Small
14432.0,2255.51,Small
14434.0,1372.8,Small
14436.0,89.06,Small
14437.0,-43.4,Small
14438.0,131.9,Small
14439.0,2661.24,Small
14440.0,2357.68,Small
14441.0,1545.14,Small
14442.0,1544.62,Small
14443.0,1400.88,Small
14446.0,1039.58,Small
14447.0,1163.23,Small
14448.0,375.35,Small
14449.0,907.1,Small
14450.0,483.25,Small
14451.0,662.59,Small
14452.0,264.44,Small
14453.0,119.93,Small
14456.0,3047.63,Small
14457.0,113.64,Small
14459.0,1837.92,Small
14460.0,383.34,Small
14461.0,2103.06,Small
14462.0,1965.9,Small
14463.0,529.62,Small
14465.0,1058.62,Small
14466.0,2272.4,Small
14467.0,598.76,Small
14470.0,461.19,Small
14472.0,1936.84,Small
14473.0,234.34,Small
14474.0,537.71,Small
14475.0,799.82,Small
14476.0,215.7,Small
14477.0,1307.81,Small
14479.0,316.25,Small
14480.0,279.05,Small
14481.0,636.51,Small
14482.0,2068.15,Small
14483.0,129.2,Small
14484.0,321.92,Small
14485.0,165.75,Small
14487.0,1183.58,Small
14488.0,1047.43,Small
14489.0,463.38,Small
14491.0,340.93,Small
14493.0,2362.84,Small
14494.0,139.56,Small
14495.0,123.8,Small
14496.0,538.81,Small
14497.0,457.47,Small
14498.0,1957.32,Small
14499.0,815.32,Small
14500.0,356.85,Small
14501.0,190.31,Small
14502.0,2351.02,Small
14503.0,3543.26,Medium
14504.0,673.26,Small
14505.0,5818.7,Medium
14506.0,2012.17,Small
14507.0,1368.18,Small
14508.0,276.42,Small
14511.0,1267.41,Small
14512.0,275.28,Small
14513.0,438.49,Small
14514.0,1055.35,Small
14515.0,2102.09,Small
14517.0,330.45,Small
14518.0,174.37,Small
14520.0,270.6,Small
14522.0,974.54,Small
14523.0,241.09,Small
14524.0,1867.68,Small
14525.0,4221.37,Medium
14527.0,7711.38,Medium
14528.0,364.22,Small
14529.0,620.04,Small
14530.0,2925.91,Small
14532.0,932.85,Small
14533.0,1812.62,Small
14534.0,4075.35,Medium
14535.0,2841.09,Small
14536.0,171.8,Small
14537.0,355.56,Small
14538.0,388.25,Small
14539.0,537.48,Small
14540.0,996.26,Small
14541.0,1461.65,Small
14542.0,103.25,Small
14543.0,2916.17,Small
14544.0,2024.45,Small
14546.0,2487.02,Small
14547.0,3986.74,Medium
14548.0,652.8,Small
14549.0,289.24,Small
14550.0,765.62,Small
14551.0,186.23,Small
14552.0,165.07,Small
14553.0,859.27,Small
14554.0,2381.04,Small
14555.0,324.14,Small
14557.0,0.0,Small
14560.0,2174.18,Small
14561.0,1080.76,Small
14562.0,4709.22,Medium
14565.0,3073.77,Small
14566.0,1432.0,Small
14567.0,1524.46,Small
14569.0,227.39,Small
14570.0,218.06,Small
14572.0,2803.69,Small
14573.0,1603.72,Small
14576.0,35.4,Small
14577.0,859.71,Small
14578.0,168.63,Small
14581.0,138.6,Small
14582.0,114.11,Small
14583.0,1052.55,Small
14584.0,1029.26,Small
14585.0,157.05,Small
14586.0,134.16,Small
14587.0,1598.24,Small
14589.0,39.75,Small
14591.0,1447.14,Small
14592.0,570.46,Small
14593.0,617.99,Small
14594.0,379.83,Small
14595.0,1740.6,Small
14597.0,883.15,Small
14598.0,221.97,Small
14600.0,393.33,Small
14601.0,213.96,Small
14603.0,660.0,Small
14606.0,11713.85,Medium
14607.0,11341.1,Medium
14608.0,1785.15,Small
14609.0,601.56,Small
14616.0,406.08,Small
14618.0,538.59,Small
14619.0,379.51,Small
14620.0,393.28,Small
14621.0,1765.76,Small
14622.0,320.58,Small
14623.0,869.35,Small
14624.0,225.85,Small
14625.0,848.48,Small
14626.0,2757.07,Small
14627.0,-21.85,Small
14628.0,671.96,Small
14629.0,939.21,Small
14631.0,1006.98,Small
14632.0,114.56,Small
14633.0,344.9,Small
14636.0,609.85,Small
14638.0,443.6,Small
14639.0,2952.34,Small
14640.0,2042.15,Small
14641.0,110.46,Small
14642.0,96.12,Small
14643.0,668.61,Small
14644.0,780.46,Small
14645.0,597.09,Small
14646.0,279489.02,Large
14647.0,243.22,Small
14649.0,1417.29,Small
14651.0,654.6,Small
14652.0,114.18,Small
14653.0,1947.55,Small
14655.0,1930.15,Small
14656.0,291.05,Small
14657.0,838.27,Small
14658.0,247.15,Small
14659.0,2456.53,Small
14660.0,285.74,Small
14661.0,107.95,Small
14662.0,771.17,Small
14664.0,637.89,Small
14665.0,1258.38,Small
14666.0,195.25,Small
14667.0,9231.2,Medium
14669.0,1269.99,Small
14670.0,411.53,Small
14672.0,765.55,Small
14673.0,1736.4,Small
14675.0,604.75,Small
14676.0,2543.24,Small
14679.0,-2.55,Small
14680.0,26932.34,Medium
14681.0,498.95,Small
14682.0,52.0,Small
14684.0,1236.28,Small
14687.0,628.38,Small
14688.0,5107.38,Medium
14689.0,112.8,Small
14690.0,358.61,Small
14691.0,2114.33,Small
14692.0,582.05,Small
14693.0,172.9,Small
14696.0,2070.97,Small
14697.0,188.61,Small
14698.0,1250.76,Small
14699.0,109.13,Small
14700.0,2235.3,Small
14701.0,2486.22,Small
14702.0,3250.64,Small
14703.0,318.17,Small
14704.0,1546.91,Small
14705.0,179.0,Small
14708.0,1096.67,Small
14709.0,4911.14,Medium
14710.0,606.13,Small
14711.0,2838.2,Small
14712.0,917.07,Small
14713.0,2664.26,Small
14714.0,160.19,Small
14715.0,867.38,Small
14716.0,329.68,Small
14719.0,1592.18,Small
14720.0,663.81,Small
14722.0,187.92,Small
14723.0,1158.3,Small
14725.0,718.08,Small
14727.0,268.58,Small
14729.0,313.49,Small
14730.0,2005.06,Small
14731.0,380.02,Small
14732.0,2686.34,Small
14733.0,9451.54,Medium
14735.0,5807.69,Medium
14737.0,1164.55,Small
14738.0,1289.94,Small
14739.0,3899.1,Medium
14740.0,1423.21,Small
14741.0,1400.34,Small
14744.0,1088.53,Small
14745.0,1167.16,Small
14747.0,294.3,Small
14748.0,1311.79,Small
14752.0,389.64,Small
14753.0,563.15,Small
14754.0,638.05,Small
14755.0,4965.38,Medium
14756.0,738.96,Small
14757.0,420.5,Small
14758.0,1484.06,Small
14759.0,1625.97,Small
14760.0,53.8,Small
14761.0,255.9,Small
14762.0,300.52,Small
14764.0,250.55,Small
14765.0,254.11,Small
14766.0,2423.07,Small
14768.0,139.5,Small
14769.0,10641.6,Medium
14770.0,876.42,Small
14772.0,139.26,Small
14775.0,1011.9,Small
14776.0,2195.58,Small
14777.0,-17.45,Small
14778.0,730.86,Small
14779.0,386.15,Small
14780.0,447.68,Small
14782.0,200.1,Small
14784.0,289.99,Small
14785.0,77.4,Small
14788.0,679.44,Small
14789.0,197.64,Small
14790.0,745.06,Small
14792.0,0.0,Small
14793.0,214.14,Small
14794.0,1272.11,Small
14795.0,131.45,Small
14796.0,7839.51,Medium
14798.0,173.74,Small
14799.0,157.7,Small
14800.0,4236.34,Medium
14801.0,193.14,Small
14803.0,845.55,Small
14804.0,353.27,Small
14805.0,554.65,Small
14806.0,193.39,Small
14808.0,2175.37,Small
14810.0,2087.88,Small
14813.0,155.43,Small
14815.0,778.5,Small
14816.0,271.85,Small
14817.0,1110.34,Small
14818.0,657.8,Small
14819.0,272.07,Small
14820.0,507.29,Small
14821.0,48.8,Small
14823.0,321.43,Small
14824.0,1127.71,Small
14825.0,2226.91,Small
14828.0,2139.76,Small
14829.0,644.65,Small
14830.0,197.13,Small
14834.0,1698.35,Small
14836.0,102.45,Small
14837.0,1641.2,Small
14840.0,62.85,Small
14841.0,3295.76,Small
14842.0,2456.8,Small
14844.0,3189.81,Small
14847.0,309.4,Small
14849.0,7904.28,Medium
14850.0,278.15,Small
14851.0,511.35,Small
14852.0,2836.69,Small
14853.0,463.05,Small
14854.0,2749.89,Small
14855.0,645.65,Small
14856.0,1311.38,Small
14857.0,1165.65,Small
14859.0,1352.04,Small
14860.0,168.62,Small
14861.0,125.79,Small
14862.0,841.2,Small
14863.0,266.76,Small
14865.0,52.2,Small
14866.0,14197.45,Medium
14867.0,701.33,Small
14868.0,2939.64,Small
14869.0,721.95,Small
14870.0,327.25,Small
14871.0,522.38,Small
14873.0,519.68,Small
14875.0,1448.72,Small
14878.0,1485.54,Small
14880.0,706.19,Small
14881.0,255.4,Small
14882.0,589.7,Small
14883.0,756.64,Small
14885.0,765.32,Small
14886.0,364.8,Small
14887.0,1862.0,Small
14888.0,369.2,Small
14889.0,135.9,Small
14890.0,125.65,Small
14891.0,554.38,Small
14893.0,1237.85,Small
14894.0,655.75,Small
14895.0,11020.26,Medium
14896.0,468.77,Small
14897.0,1366.38,Small
14898.0,1228.32,Small
14901.0,1414.99,Small
14902.0,314.11,Small
14903.0,2744.48,Small
14904.0,1025.44,Small
14905.0,599.9,Small
14907.0,3478.85,Small
14908.0,277.8,Small
14910.0,389.86,Small
14911.0,132572.62,Large
14912.0,841.52,Small
14913.0,1227.43,Small
14915.0,258.83,Small
14916.0,1264.84,Small
14918.0,1610.15,Small
14920.0,977.77,Small
14921.0,1316.07,Small
14923.0,749.1,Small
14924.0,310.05,Small
14929.0,223.88,Small
14930.0,2372.86,Small
14931.0,964.68,Small
14932.0,363.53,Small
14934.0,1888.84,Small
14935.0,1784.71,Small
14936.0,8117.42,Medium
14937.0,1617.63,Small
14944.0,5842.95,Medium
14946.0,100.9,Small
14947.0,290.82,Small
14948.0,1066.57,Small
14950.0,361.25,Small
14951.0,311.69,Small
14952.0,7912.79,Medium
14953.0,289.82,Small
14954.0,336.17,Small
14957.0,58.49,Small
14958.0,499.68,Small
14959.0,684.97,Small
14960.0,221.27,Small
14961.0,7006.58,Medium
14962.0,126.7,Small
14963.0,1487.8,Small
14964.0,206.21,Small
14965.0,599.0,Small
14966.0,191.32,Small
14967.0,463.8,Small
14968.0,147.59,Small
14970.0,1592.06,Small
14971.0,1116.57,Small
14972.0,114.77,Small
14973.0,1314.45,Small
14974.0,114.39,Small
14975.0,279.94,Small
14976.0,765.86,Small
14978.0,1931.42,Small
14981.0,102.12,Small
14984.0,213.27,Small
14985.0,296.75,Small
14987.0,326.4,Small
14988.0,334.54,Small
14995.0,233.23,Small
14997.0,540.98,Small
14998.0,429.87,Small
15000.0,490.52,Small
15002.0,1641.76,Small
15004.0,1246.32,Small
15005.0,6180.49,Medium
15006.0,502.09,Small
15007.0,156.91,Small
15009.0,1261.78,Small
15010.0,308.94,Small
15012.0,423.04,Small
15014.0,260.17,Small
15016.0,170.04,Small
15017.0,125.58,Small
15018.0,456.26,Small
15019.0,266.0,Small
15021.0,1872.28,Small
15022.0,905.04,Small
15023.0,6763.16,Medium
15024.0,1661.33,Small
15025.0,377.01,Small
15026.0,469.0,Small
15027.0,1051.95,Small
15028.0,627.13,Small
15030.0,518.28,Small
15031.0,668.14,Small
15032.0,4464.1,Medium
15033.0,2571.02,Small
15034.0,4277.66,Medium
15035.0,252.73,Small
15036.0,465.55,Small
15038.0,665.59,Small
15039.0,19786.44,Medium
15041.0,180.35,Small
15042.0,135.93,Small
15043.0,537.0,Small
15044.0,7629.38,Medium
15045.0,633.66,Small
15046.0,5064.01,Medium
15047.0,343.62,Small
15048.0,380.57,Small
15049.0,121.17,Small
15050.0,1727.17,Small
15051.0,1391.61,Small
15052.0,215.78,Small
15053.0,697.79,Small
15054.0,302.1,Small
15057.0,1489.5,Small
15058.0,2124.99,Small
15059.0,1325.82,Small
15060.0,303.09,Small
15061.0,54228.74,Large
15062.0,987.86,Small
15063.0,370.8,Small
15065.0,3135.98,Small
15066.0,760.59,Small
15067.0,1744.76,Small
15068.0,553.36,Small
15069.0,1109.53,Small
15070.0,106.2,Small
15071.0,982.07,Small
15073.0,612.43,Small
15074.0,748.87,Small
15075.0,773.03,Small
15076.0,880.85,Small
15078.0,9623.35,Medium
15079.0,893.66,Small
15081.0,487.35,Small
15083.0,88.2,Small
15087.0,306.94,Small
15088.0,1140.27,Small
15089.0,2420.84,Small
15090.0,381.32,Small
15091.0,476.96,Small
15092.0,457.81,Small
15093.0,4410.14,Medium
15095.0,1364.7,Small
15096.0,219.39,Small
15097.0,248.08,Small
15098.0,649.5,Small
15099.0,410.48,Small
15100.0,635.1,Small
15101.0,310.03,Small
15103.0,703.36,Small
15104.0,1002.54,Small
15105.0,2298.93,Small
15106.0,1407.73,Small
15107.0,247.66,Small
15108.0,1291.75,Small
15109.0,463.75,Small
15110.0,970.25,Small
15111.0,1567.48,Small
15113.0,3439.41,Small
15114.0,2760.56,Small
15115.0,340.11,Small
15116.0,1352.75,Small
15117.0,1550.13,Small
15118.0,244.8,Small
15119.0,266.4,Small
15120.0,343.82,Small
15121.0,457.72,Small
15122.0,1612.13,Small
15123.0,2199.31,Small
15124.0,184.19,Small
15125.0,11117.05,Medium
15127.0,406.53,Small
15128.0,1419.54,Small
15129.0,3447.4,Small
15130.0,330.11,Small
15132.0,977.93,Small
15133.0,982.42,Small
15134.0,1387.99,Small
15135.0,127.15,Small
15136.0,1282.45,Small
15139.0,178.96,Small
15140.0,2350.0,Small
15142.0,498.74,Small
15143.0,259.45,Small
15144.0,6530.04,Medium
15145.0,1194.73,Small
15146.0,1313.66,Small
15147.0,608.65,Small
15148.0,301.29,Small
15149.0,520.8,Small
15150.0,5303.97,Medium
15152.0,4684.24,Medium
15153.0,329.25,Small
15154.0,240.27,Small
15156.0,961.49,Small
15157.0,1869.5,Small
15158.0,401.4,Small
15159.0,18573.68,Medium
15160.0,158.16,Small
15163.0,304.47,Small
15164.0,843.05,Small
15165.0,487.75,Small
15167.0,163.0,Small
15168.0,106.56,Small
15171.0,1034.5,Small
15172.0,1624.05,Small
15174.0,135.75,Small
15175.0,224.14,Small
15178.0,40.5,Small
15179.0,2186.2,Small
15180.0,87.5,Small
15181.0,680.28,Small
15182.0,622.85,Small
15184.0,406.76,Small
15185.0,310.62,Small
15186.0,411.41,Small
15187.0,4670.08,Medium
15189.0,15802.14,Medium
15192.0,1044.32,Small
15193.0,499.32,Small
15194.0,7521.17,Medium
15195.0,3861.0,Medium
15197.0,656.44,Small
15198.0,193.64,Small
15199.0,1268.7,Small
15201.0,927.84,Small
15203.0,1827.8,Small
15204.0,316.58,Small
15205.0,648.83,Small
15206.0,420.3,Small
15208.0,867.62,Small
15210.0,331.18,Small
15211.0,894.41,Small
15212.0,88.95,Small
15213.0,325.05,Small
15214.0,1661.44,Small
15215.0,615.99,Small
15216.0,96.6,Small
15218.0,5756.89,Medium
15219.0,305.75,Small
15220.0,1758.92,Small
15221.0,114.1,Small
15222.0,585.0,Small
15223.0,454.9,Small
15224.0,310.48,Small
15225.0,409.4,Small
15226.0,154.41,Small
15227.0,1219.4,Small
15228.0,3376.96,Small
15230.0,429.6,Small
15232.0,612.06,Small
15234.0,197.0,Small
15235.0,2247.51,Small
15236.0,321.05,Small
15237.0,1412.32,Small
15238.0,1056.54,Small
15239.0,764.34,Small
15240.0,1685.57,Small
15241.0,1738.59,Small
15243.0,316.68,Small
15244.0,631.57,Small
15245.0,2515.84,Small
15246.0,514.15,Small
15247.0,356.0,Small
15249.0,6657.36,Medium
15251.0,10327.11,Medium
15252.0,740.78,Small
15253.0,915.3,Small
15254.0,300.36,Small
15255.0,890.85,Small
15256.0,98.45,Small
15257.0,232.15,Small
15258.0,623.16,Small
15260.0,1780.77,Small
15261.0,254.82,Small
15262.0,178.95,Small
15263.0,156.51,Small
15264.0,393.74,Small
15265.0,1506.12,Small
15266.0,119.3,Small
15267.0,1717.36,Small
15269.0,408.8,Small
15270.0,2298.2,Small
15271.0,2485.82,Small
15272.0,721.94,Small
15274.0,716.57,Small
15275.0,609.19,Small
15276.0,135.31,Small
15277.0,255.9,Small
15279.0,277.41,Small
15280.0,113.12,Small
15281.0,2239.95,Small
15286.0,240.55,Small
15287.0,485.24,Small
15288.0,2306.52,Small
15289.0,935.1,Small
15290.0,7803.77,Medium
15291.0,4596.51,Medium
15292.0,180.94,Small
15296.0,3610.31,Medium
15297.0,635.04,Small
15298.0,3774.1,Medium
15299.0,3787.09,Medium
15300.0,496.44,Small
15301.0,5028.12,Medium
15303.0,574.02,Small
15304.0,680.3,Small
15306.0,1174.35,Small
15307.0,205.3,Small
15308.0,302.27,Small
15311.0,59419.34,Large
15312.0,921.1,Small
15313.0,52.0,Small
15314.0,327.97,Small
15315.0,551.54,Small
15316.0,165.0,Small
15318.0,312.62,Small
15319.0,204.5,Small
15320.0,267.13,Small
15321.0,2650.73,Small
15322.0,602.97,Small
15325.0,162.29,Small
15326.0,311.71,Small
15327.0,208.75,Small
15329.0,1005.5,Small
15330.0,714.96,Small
15332.0,1661.06,Small
15333.0,1028.56,Small
15334.0,351.67,Small
15335.0,173.97,Small
15339.0,557.57,Small
15341.0,2020.52,Small
15342.0,391.76,Small
15343.0,364.5,Small
15344.0,476.58,Small
15345.0,367.69,Small
15346.0,252.42,Small
15347.0,201.6,Small
15348.0,158.04,Small
15349.0,473.81,Small
15350.0,115.65,Small
15351.0,1862.14,Small
15353.0,777.02,Small
15355.0,277.05,Small
15356.0,2766.5,Small
15358.0,8234.8,Medium
15360.0,427.93,Small
15361.0,418.92,Small
15363.0,318.05,Small
15364.0,913.19,Small
15365.0,1330.45,Small
15366.0,602.51,Small
15367.0,1867.69,Small
15368.0,446.94,Small
15369.0,-1592.49,Small
15370.0,2360.55,Small
15372.0,2007.4,Small
15373.0,2213.11,Small
15374.0,168.0,Small
15376.0,1233.36,Small
15379.0,3631.89,Medium
15380.0,1682.36,Small
15381.0,596.85,Small
15382.0,5927.86,Medium
15384.0,635.76,Small
15385.0,316.88,Small
15386.0,394.14,Small
15388.0,140.54,Small
15389.0,500.0,Small
15392.0,1515.73,Small
15393.0,231.86,Small
15394.0,2183.54,Small
15395.0,107.45,Small
15396.0,288.18,Small
15397.0,94.0,Small
15398.0,1339.63,Small
15399.0,815.77,Small
15400.0,666.7,Small
15402.0,626.77,Small
15405.0,349.1,Small
15406.0,426.61,Small
15407.0,1056.44,Small
15408.0,267.18,Small
15410.0,3450.84,Small
15411.0,1346.38,Small
15412.0,190.53,Small
15414.0,774.9,Small
15415.0,572.81,Small
15416.0,3974.37,Medium
15417.0,508.8,Small
15419.0,135.86,Small
15421.0,950.36,Small
15422.0,97.7,Small
15423.0,43.5,Small
15424.0,383.34,Small
15426.0,1429.9,Small
15427.0,1483.14,Small
15428.0,93.78,Small
15429.0,364.9,Small
15432.0,171.19,Small
15433.0,417.87,Small
15434.0,997.48,Small
15435.0,149.29,Small
15436.0,1122.53,Small
15437.0,200.16,Small
15438.0,156.58,Small
15440.0,383.68,Small
15442.0,594.0,Small
15443.0,3212.16,Small
15444.0,1418.26,Small
15445.0,113.5,Small
15447.0,155.17,Small
15448.0,494.64,Small
15449.0,971.22,Small
15450.0,429.84,Small
15452.0,538.73,Small
15453.0,1388.37,Small
15454.0,179.1,Small
15456.0,447.22,Small
15457.0,237.07,Small
15458.0,161.64,Small
15460.0,216.76,Small
15462.0,234.6,Small
15463.0,126.14,Small
15464.0,1048.85,Small
15465.0,6945.02,Medium
15466.0,334.53,Small
15467.0,511.88,Small
15468.0,438.46,Small
15469.0,504.5,Small
15471.0,469.48,Small
15472.0,371.56,Small
15473.0,1465.2,Small
15475.0,454.11,Small
15478.0,1441.42,Small
15480.0,905.5,Small
15482.0,6568.72,Medium
15483.0,233.81,Small
15484.0,3563.11,Medium
15485.0,2575.0,Small
15488.0,91.32,Small
15489.0,1090.03,Small
15491.0,3090.85,Small
15492.0,659.46,Small
15493.0,1967.25,Small
15494.0,1299.23,Small
15497.0,1259.7,Small
15498.0,12396.46,Medium
15500.0,1131.56,Small
15502.0,5541.46,Medium
15503.0,147.09,Small
15504.0,52.83,Small
15505.0,3497.14,Small
15506.0,979.26,Small
15507.0,492.36,Small
15508.0,1000.27,Small
15510.0,250.0,Small
15511.0,909.23,Small
15512.0,121.0,Small
15513.0,14520.08,Medium
15514.0,2963.19,Small
15516.0,62.43,Small
15517.0,267.03,Small
15518.0,1911.89,Small
15520.0,343.5,Small
15521.0,2574.65,Small
15522.0,398.84,Small
15523.0,412.01,Small
15524.0,440.0,Small
15525.0,811.02,Small
15526.0,148.44,Small
15527.0,2348.82,Small
15528.0,229.33,Small
15529.0,3967.78,Medium
15530.0,1502.35,Small
15531.0,2007.44,Small
15532.0,1517.08,Small
15533.0,746.92,Small
15535.0,459.9,Small
15537.0,110.92,Small
15539.0,538.46,Small
15540.0,213.3,Small
15541.0,85.13,Small
15543.0,127.86,Small
15544.0,3542.51,Medium
15545.0,292.72,Small
15547.0,4954.84,Medium
15549.0,1655.76,Small
15550.0,575.63,Small
15551.0,436.06,Small
15552.0,90.12,Small
15553.0,437.23,Small
15554.0,217.2,Small
15555.0,4758.2,Medium
15556.0,279.77,Small
15557.0,473.65,Small
15561.0,722.74,Small
15562.0,134.55,Small
15563.0,1319.69,Small
15565.0,173.16,Small
15567.0,186.01,Small
15568.0,758.29,Small
15569.0,1375.71,Small
15570.0,4109.97,Medium
15571.0,650.43,Small
15572.0,2552.86,Small
15573.0,607.45,Small
15574.0,702.25,Small
15576.0,940.67,Small
15577.0,258.88,Small
15578.0,127.1,Small
15579.0,348.6,Small
15581.0,3429.97,Small
15582.0,682.91,Small
15584.0,722.61,Small
15585.0,455.3,Small
15587.0,913.68,Small
15589.0,456.58,Small
15590.0,-30.19,Small
15592.0,388.58,Small
15593.0,199.8,Small
15594.0,1767.53,Small
15596.0,1343.34,Small
15597.0,315.72,Small
15598.0,235.68,Small
15599.0,761.74,Small
15601.0,6745.36,Medium
15602.0,1083.63,Small
15603.0,48.48,Small
15604.0,216.39,Small
15605.0,1198.23,Small
15606.0,2422.64,Small
15607.0,104.76,Small
15608.0,1093.68,Small
15609.0,270.03,Small
15610.0,112.46,Small
15611.0,1568.39,Small
15612.0,195.15,Small
15615.0,10360.04,Medium
15618.0,747.03,Small
15619.0,336.4,Small
15620.0,1524.4,Small
15621.0,1158.77,Small
15622.0,3224.53,Small
15623.0,301.03,Small
15624.0,588.13,Small
15625.0,1504.56,Small
15626.0,675.8,Small
15628.0,2865.64,Small
15630.0,1180.4,Small
15632.0,3147.31,Small
15634.0,243.55,Small
15636.0,724.76,Small
15637.0,223.36,Small
15638.0,-94.0,Small
15639.0,425.32,Small
15640.0,12433.34,Medium
15641.0,1887.2,Small
15643.0,647.4,Small
15644.0,813.0,Small
15645.0,612.01,Small
15646.0,425.14,Small
15648.0,599.9,Small
15649.0,816.0,Small
15651.0,646.3,Small
15652.0,337.74,Small
15653.0,877.44,Small
15654.0,922.53,Small
15655.0,511.32,Small
15656.0,748.5,Small
15657.0,30.0,Small
15658.0,958.9,Small
15659.0,306.45,Small
15660.0,1552.01,Small
15661.0,309.8,Small
15663.0,138.14,Small
15664.0,358.63,Small
15665.0,2242.01,Small
15667.0,301.32,Small
15668.0,76.32,Small
15669.0,677.69,Small
15670.0,173.05,Small
15671.0,2635.49,Small
15673.0,2881.02,Small
15674.0,1744.02,Small
15675.0,323.69,Small
15676.0,3324.09,Small
15677.0,657.23,Small
15678.0,352.7,Small
15679.0,781.28,Small
15680.0,1333.68,Small
15681.0,946.36,Small
15683.0,193.75,Small
15687.0,2981.5,Small
15689.0,254.1,Small
15690.0,239.76,Small
15691.0,136.8,Small
15692.0,191.04,Small
15694.0,6423.6,Medium
15695.0,409.98,Small
15696.0,2644.46,Small
15699.0,309.65,Small
15700.0,664.03,Small
15701.0,1542.14,Small
15703.0,211.5,Small
15704.0,2293.62,Small
15705.0,143.1,Small
15706.0,1001.81,Small
15707.0,945.58,Small
15708.0,3329.72,Small
15709.0,133.25,Small
15712.0,1072.36,Small
15713.0,346.75,Small
15714.0,330.88,Small
15716.0,1118.81,Small
15717.0,150.3,Small
15719.0,5043.96,Medium
15720.0,598.73,Small
15721.0,507.08,Small
15722.0,2181.21,Small
15723.0,203.1,Small
15724.0,212.3,Small
15725.0,415.25,Small
15727.0,5178.96,Medium
15728.0,-134.8,Small
15729.0,62.0,Small
15730.0,1108.38,Small
15732.0,294.12,Small
15733.0,162.3,Small
15734.0,1339.45,Small
15737.0,1121.21,Small
15738.0,4788.77,Medium
15739.0,449.12,Small
15740.0,154.88,Small
15743.0,784.46,Small
15744.0,34.8,Small
15745.0,1071.24,Small
15746.0,182.96,Small
15747.0,974.04,Small
15748.0,149.31,Small
15749.0,21535.9,Medium
15750.0,2451.23,Small
15752.0,2628.93,Small
15753.0,79.2,Small
15754.0,455.67,Small
15755.0,2318.88,Small
15756.0,532.96,Small
15757.0,714.42,Small
15758.0,205.25,Small
15759.0,253.04,Small
15762.0,583.75,Small
15763.0,1048.67,Small
15764.0,3245.47,Small
15766.0,315.06,Small
15768.0,581.83,Small
15769.0,51823.72,Large
15773.0,635.68,Small
15774.0,270.8,Small
15775.0,104.9,Small
15776.0,241.62,Small
15777.0,1021.61,Small
15780.0,475.28,Small
15781.0,333.56,Small
15782.0,2593.94,Small
15783.0,246.3,Small
15785.0,2303.75,Small
15786.0,4834.2,Medium
15787.0,948.05,Small
15789.0,351.3,Small
15790.0,220.85,Small
15791.0,1604.44,Small
15793.0,948.96,Small
15795.0,610.01,Small
15796.0,2666.61,Small
15797.0,2207.4,Small
15799.0,884.14,Small
15800.0,699.08,Small
15801.0,1042.19,Small
15802.0,-451.42,Small
15803.0,415.82,Small
15804.0,3848.55,Medium
15805.0,5452.17,Medium
15806.0,784.58,Small
15807.0,903.9,Small
15808.0,3724.77,Medium
15809.0,399.21,Small
15810.0,1145.43,Small
15811.0,2171.32,Small
15812.0,1801.14,Small
15813.0,1303.91,Small
15814.0,1842.73,Small
15815.0,2100.6,Small
15819.0,1905.45,Small
15820.0,206.98,Small
15821.0,570.96,Small
15822.0,885.47,Small
15823.0,-840.76,Small
15825.0,532.94,Small
15826.0,1649.36,Small
15827.0,1641.48,Small
15829.0,636.14,Small
15830.0,547.7,Small
15831.0,747.76,Small
15832.0,836.79,Small
15834.0,2084.9,Small
15835.0,954.09,Small
15836.0,117.47,Small
15837.0,391.98,Small
15838.0,33350.76,Medium
15839.0,1020.74,Small
15840.0,345.66,Small
15841.0,1209.1,Small
15843.0,118.95,Small
15844.0,130.74,Small
15845.0,3650.87,Medium
15847.0,389.27,Small
15850.0,238.85,Small
15852.0,160.71,Small
15853.0,110.8,Small
15854.0,2974.65,Small
15855.0,712.24,Small
15856.0,16173.67,Medium
15857.0,297.0,Small
15858.0,1438.85,Small
15860.0,977.21,Small
15861.0,3000.36,Small
15862.0,832.88,Small
15863.0,68.84,Small
15864.0,1769.78,Small
15865.0,895.13,Small
15866.0,230.53,Small
15867.0,3797.79,Medium
15869.0,149.64,Small
15870.0,354.09,Small
15872.0,360.93,Small
15874.0,4330.67,Medium
15877.0,440.78,Small
15880.0,313.28,Small
15881.0,438.24,Small
15882.0,495.36,Small
15883.0,396.48,Small
15885.0,379.35,Small
15886.0,181.09,Small
15888.0,141.27,Small
15889.0,446.87,Small
15891.0,524.52,Small
15894.0,263.55,Small
15895.0,179.17,Small
15897.0,222.05,Small
15898.0,1384.68,Small
15899.0,56.25,Small
15900.0,351.11,Small
15901.0,363.88,Small
15903.0,5126.34,Medium
15904.0,164.68,Small
15906.0,1521.79,Small
15907.0,967.45,Small
15909.0,191.94,Small
15910.0,1232.18,Small
15912.0,264.62,Small
15916.0,1491.24,Small
15917.0,123.1,Small
15918.0,334.23,Small
15919.0,639.89,Small
15920.0,167.5,Small
15921.0,336.03,Small
15922.0,363.6,Small
15923.0,127.08,Small
15925.0,207.15,Small
15930.0,426.63,Small
15932.0,2461.85,Small
15933.0,1107.46,Small
15935.0,416.86,Small
15937.0,145.35,Small
15938.0,404.58,Small
15939.0,6102.26,Medium
15940.0,31.8,Small
15942.0,337.44,Small
15944.0,325.1,Small
15945.0,181.0,Small
15947.0,1708.24,Small
15948.0,955.24,Small
15949.0,364.72,Small
15950.0,1705.26,Small
15951.0,669.57,Small
15952.0,806.57,Small
15953.0,1634.53,Small
15955.0,4389.81,Medium
15957.0,428.89,Small
15958.0,104.35,Small
15963.0,470.76,Small
15965.0,845.64,Small
15967.0,418.83,Small
15969.0,582.9,Small
15970.0,314.1,Small
15971.0,4199.85,Medium
15973.0,99.77,Small
15974.0,3429.55,Small
15975.0,371.01,Small
15976.0,430.94,Small
15977.0,1054.73,Small
15978.0,1098.78,Small
15980.0,2398.86,Small
15981.0,3408.48,Small
15983.0,1475.02,Small
15984.0,2816.97,Small
15985.0,1037.42,Small
15986.0,168.12,Small
15987.0,1451.28,Small
15988.0,158.03,Small
15990.0,792.11,Small
15992.0,41.99,Small
15993.0,2756.82,Small
15994.0,427.07,Small
15996.0,1044.78,Small
15998.0,3084.17,Small
16000.0,12393.7,Medium
16003.0,2735.37,Small
16005.0,615.39,Small
16006.0,101.4,Small
16007.0,1701.94,Small
16008.0,478.78,Small
16009.0,992.71,Small
16010.0,407.5,Small
16011.0,3362.71,Small
16012.0,1415.29,Small
16013.0,33366.25,Medium
16014.0,653.13,Small
16015.0,690.54,Small
16016.0,1483.31,Small
16017.0,211.88,Small
16018.0,408.9,Small
16019.0,3450.24,Small
16020.0,851.01,Small
16022.0,628.28,Small
16023.0,719.81,Small
16024.0,251.24,Small
16025.0,439.66,Small
16026.0,236.09,Small
16027.0,852.12,Small
16029.0,50992.61,Large
16030.0,331.24,Small
16031.0,548.94,Small
16033.0,8727.61,Medium
16034.0,437.7,Small
16036.0,758.92,Small
16037.0,855.02,Small
16038.0,454.33,Small
16040.0,1313.55,Small
16041.0,3166.4,Small
16042.0,1147.37,Small
16043.0,773.99,Small
16045.0,1340.7,Small
16048.0,243.69,Small
16049.0,1111.79,Small
16050.0,137.9,Small
16052.0,362.06,Small
16053.0,1511.95,Small
16054.0,783.9,Small
16055.0,134.8,Small
16056.0,664.85,Small
16057.0,2140.22,Small
16059.0,1459.86,Small
16061.0,-29.95,Small
16062.0,1153.62,Small
16063.0,335.32,Small
16065.0,372.09,Small
16066.0,1521.87,Small
16070.0,852.15,Small
16071.0,326.24,Small
16072.0,584.32,Small
16073.0,94.35,Small
16076.0,2173.53,Small
16078.0,79.2,Small
16079.0,1352.0,Small
16080.0,176.6,Small
16081.0,2806.9,Small
16083.0,1317.62,Small
16084.0,436.18,Small
16085.0,981.51,Small
16086.0,1119.31,Small
16091.0,315.06,Small
16092.0,779.36,Small
16093.0,17.0,Small
16094.0,1041.83,Small
16096.0,320.62,Small
16097.0,185.05,Small
16098.0,2005.63,Small
16099.0,731.9,Small
16101.0,1245.96,Small
16102.0,1842.14,Small
16103.0,1429.64,Small
16104.0,302.36,Small
16105.0,336.96,Small
16106.0,108.38,Small
16107.0,3204.16,Small
16108.0,816.1,Small
16109.0,611.88,Small
16110.0,1337.48,Small
16112.0,195.74,Small
16113.0,161.38,Small
16114.0,135.75,Small
16115.0,1667.97,Small
16116.0,592.88,Small
16117.0,232.21,Small
16119.0,423.36,Small
16120.0,1294.14,Small
16121.0,867.11,Small
16122.0,684.42,Small
16123.0,307.78,Small
16124.0,187.15,Small
16125.0,289.35,Small
16126.0,6287.77,Medium
16127.0,656.25,Small
16128.0,1880.22,Small
16131.0,3506.54,Medium
16133.0,14305.66,Medium
16134.0,603.69,Small
16135.0,517.55,Small
16136.0,709.38,Small
16138.0,-7.95,Small
16139.0,635.41,Small
16140.0,703.77,Small
16141.0,620.4,Small
16142.0,535.34,Small
16143.0,2419.84,Small
16144.0,175.2,Small
16145.0,3741.98,Medium
16146.0,734.13,Small
16147.0,375.0,Small
16148.0,76.32,Small
16149.0,280.52,Small
16150.0,1906.07,Small
16152.0,1829.04,Small
16153.0,1824.23,Small
16156.0,3024.62,Small
16157.0,644.24,Small
16159.0,348.2,Small
16160.0,1009.45,Small
16161.0,5352.97,Medium
16162.0,37.4,Small
16163.0,441.6,Small
16164.0,802.53,Small
16168.0,3770.6,Medium
16169.0,1822.97,Small
16170.0,1880.42,Small
16171.0,73.2,Small
16172.0,1140.21,Small
16173.0,1406.57,Small
16174.0,1009.55,Small
16175.0,1037.59,Small
16177.0,331.95,Small
16178.0,197.9,Small
16179.0,215.83,Small
16180.0,10217.48,Medium
16181.0,305.54,Small
16182.0,6617.65,Medium
16183.0,338.71,Small
16184.0,1155.54,Small
16185.0,529.41,Small
16186.0,3991.94,Medium
16187.0,6841.24,Medium
16188.0,981.86,Small
16189.0,215.48,Small
16190.0,215.08,Small
16191.0,4913.32,Medium
16193.0,314.45,Small
16198.0,400.68,Small
16200.0,1080.62,Small
16201.0,1821.52,Small
16202.0,365.27,Small
16203.0,589.15,Small
16204.0,405.71,Small
16205.0,761.38,Small
16206.0,537.06,Small
16207.0,394.38,Small
16208.0,664.26,Small
16209.0,2262.62,Small
16210.0,21086.3,Medium
16211.0,542.77,Small
16212.0,681.19,Small
16213.0,159.0,Small
16214.0,1062.75,Small
16215.0,242.35,Small
16216.0,914.93,Small
16217.0,259.39,Small
16218.0,3054.87,Small
16221.0,864.86,Small
16222.0,846.72,Small
16224.0,1295.3,Small
16225.0,1096.32,Small
16226.0,255.12,Small
16227.0,308.32,Small
16229.0,1010.6,Small
16230.0,542.03,Small
16232.0,983.23,Small
16233.0,422.13,Small
16235.0,858.41,Small
16236.0,432.2,Small
16239.0,372.9,Small
16240.0,3693.81,Medium
16241.0,2607.87,Small
16242.0,3598.26,Medium
16243.0,409.1,Small
16244.0,1522.75,Small
16245.0,1352.36,Small
16247.0,114.56,Small
16248.0,152.94,Small
16249.0,1800.07,Small
16250.0,389.44,Small
16252.0,-295.09,Small
16253.0,3665.62,Medium
16255.0,2609.3,Small
16256.0,732.63,Small
16257.0,46.95,Small
16258.0,5203.51,Medium
16260.0,1035.45,Small
16261.0,746.83,Small
16262.0,-31.65,Small
16265.0,5423.15,Medium
16266.0,861.89,Small
16268.0,667.65,Small
16270.0,1141.24,Small
16271.0,1423.29,Small
16272.0,411.7,Small
16274.0,357.95,Small
16275.0,559.87,Small
16276.0,810.6,Small
16278.0,537.83,Small
16279.0,1496.68,Small
16281.0,2062.06,Small
16282.0,168.3,Small
16283.0,1531.51,Small
16284.0,823.97,Small
16287.0,142.5,Small
16292.0,280.9,Small
16293.0,2236.74,Small
16295.0,1328.55,Small
16297.0,275.4,Small
16298.0,598.2,Small
16302.0,212.82,Small
16303.0,5305.83,Medium
16305.0,361.22,Small
16306.0,602.27,Small
16308.0,2560.0,Small
16309.0,686.67,Small
16311.0,616.26,Small
16313.0,274.15,Small
16315.0,226.37,Small
16316.0,2755.56,Small
16317.0,1341.65,Small
16318.0,328.15,Small
16319.0,404.4,Small
16320.0,1038.46,Small
16321.0,230.7,Small
16322.0,326.75,Small
16323.0,207.5,Small
16324.0,428.68,Small
16325.0,510.54,Small
16326.0,3085.96,Small
16327.0,3844.22,Medium
16330.0,242.21,Small
16332.0,1583.2,Small
16333.0,26626.8,Medium
16337.0,151.05,Small
16338.0,214.8,Small
16339.0,109.95,Small
16340.0,549.07,Small
16341.0,1959.38,Small
16342.0,322.41,Small
16343.0,370.48,Small
16344.0,101.1,Small
16345.0,575.41,Small
16347.0,887.65,Small
16348.0,1469.45,Small
16349.0,53.5,Small
16350.0,1100.47,Small
16351.0,153.9,Small
16352.0,494.44,Small
16353.0,6675.71,Medium
16354.0,395.8,Small
16356.0,210.32,Small
16357.0,658.88,Small
16358.0,2024.95,Small
16359.0,1460.37,Small
16360.0,3411.69,Small
16361.0,896.66,Small
16362.0,652.07,Small
16363.0,109.36,Small
16364.0,707.04,Small
16365.0,1540.42,Small
16366.0,327.3,Small
16367.0,804.49,Small
16368.0,497.43,Small
16369.0,1553.66,Small
16370.0,1320.56,Small
16372.0,367.93,Small
16374.0,473.03,Small
16376.0,977.52,Small
16377.0,676.2,Small
16378.0,362.95,Small
16379.0,2131.9,Small
16380.0,1780.59,Small
16383.0,668.36,Small
16384.0,584.5,Small
16385.0,555.89,Small
16386.0,317.2,Small
16387.0,94.36,Small
16389.0,1362.27,Small
16392.0,221.19,Small
16393.0,2941.05,Small
16394.0,1412.06,Small
16395.0,1486.9,Small
16398.0,1631.15,Small
16399.0,408.57,Small
16400.0,303.93,Small
16401.0,4061.24,Medium
16402.0,299.6,Small
16403.0,161.05,Small
16404.0,443.05,Small
16405.0,167.25,Small
16406.0,163.07,Small
16407.0,2126.93,Small
16409.0,2028.88,Small
16411.0,214.65,Small
16412.0,151.83,Small
16413.0,262.2,Small
16414.0,126.25,Small
16415.0,210.35,Small
16416.0,1026.99,Small
16418.0,675.27,Small
16419.0,959.48,Small
16422.0,33805.69,Medium
16423.0,346.12,Small
16424.0,82.56,Small
16425.0,302.7,Small
16426.0,1908.25,Small
16427.0,241.06,Small
16428.0,-2.95,Small
16429.0,284.55,Small
16430.0,300.85,Small
16431.0,642.81,Small
16432.0,287.4,Small
16433.0,184.26,Small
16434.0,1522.25,Small
16438.0,798.35,Small
16440.0,3640.67,Medium
16441.0,381.2,Small
16442.0,616.79,Small
16444.0,638.77,Small
16445.0,230.51,Small
16446.0,2.9,Small
16447.0,259.01,Small
16448.0,188.89,Small
16449.0,674.69,Small
16450.0,311.92,Small
16451.0,266.97,Small
16454.0,-8.15,Small
16455.0,1841.18,Small
16456.0,2158.37,Small
16457.0,208.36,Small
16458.0,3482.74,Small
16460.0,814.72,Small
16461.0,151.42,Small
16462.0,102.0,Small
16463.0,1383.7,Small
16464.0,1314.68,Small
16466.0,1603.46,Small
16468.0,74.9,Small
16469.0,650.43,Small
16470.0,757.44,Small
16471.0,223.95,Small
16473.0,314.86,Small
16474.0,1811.47,Small
16475.0,544.3,Small
16477.0,2494.46,Small
16478.0,331.0,Small
16479.0,300.83,Small
16480.0,769.29,Small
16482.0,220.62,Small
16483.0,139.35,Small
16484.0,379.4,Small
16485.0,363.65,Small
16488.0,492.2,Small
16491.0,731.5,Small
16493.0,1329.66,Small
16494.0,826.53,Small
16495.0,684.41,Small
16496.0,1562.22,Small
16497.0,2965.69,Small
16498.0,86.12,Small
16499.0,319.1,Small
16500.0,400.86,Small
16503.0,1421.43,Small
16504.0,484.38,Small
16505.0,777.6,Small
16506.0,90.3,Small
16509.0,363.7,Small
16510.0,248.1,Small
16511.0,950.26,Small
16513.0,874.59,Small
16515.0,1627.13,Small
16516.0,101.7,Small
16517.0,162.7,Small
16518.0,480.92,Small
16519.0,215.08,Small
16520.0,1036.62,Small
16523.0,9295.67,Medium
16525.0,11895.57,Medium
16526.0,290.36,Small
16527.0,228.06,Small
16528.0,244.41,Small
16529.0,455.25,Small
16531.0,1244.59,Small
16532.0,6748.8,Medium
16533.0,1026.94,Small
16535.0,593.75,Small
16536.0,539.02,Small
16539.0,1388.81,Small
16542.0,119.62,Small
16545.0,339.3,Small
16546.0,-95.93,Small
16549.0,4154.64,Medium
16550.0,2266.25,Small
16551.0,922.12,Small
16552.0,379.73,Small
16553.0,5664.57,Medium
16554.0,641.55,Small
16555.0,285.89,Small
16556.0,3313.79,Small
16557.0,281.85,Small
16558.0,8257.04,Medium
16560.0,816.51,Small
16561.0,511.12,Small
16563.0,1077.74,Small
16565.0,173.7,Small
16566.0,614.01,Small
16567.0,865.6,Small
16569.0,124.2,Small
16570.0,3622.95,Medium
16571.0,1285.22,Small
16572.0,999.7,Small
16573.0,648.41,Small
16574.0,451.44,Small
16579.0,-30.6,Small
16581.0,70.44,Small
16582.0,313.62,Small
16583.0,233.45,Small
16584.0,908.03,Small
16586.0,463.95,Small
16587.0,225.15,Small
16589.0,459.24,Small
16591.0,213.5,Small
16592.0,4073.28,Medium
16593.0,330.03,Small
16594.0,181.09,Small
16595.0,360.16,Small
16596.0,250.15,Small
16597.0,90.04,Small
16598.0,140.7,Small
16600.0,813.52,Small
16601.0,244.8,Small
16602.0,494.73,Small
16603.0,482.47,Small
16607.0,3038.67,Small
16609.0,5450.96,Medium
16610.0,75.66,Small
16611.0,120.99,Small
16612.0,1187.66,Small
16613.0,618.59,Small
16614.0,506.19,Small
16616.0,500.42,Small
16617.0,151.85,Small
16618.0,2630.64,Small
16619.0,204.41,Small
16620.0,178.96,Small
16621.0,813.48,Small
16623.0,129.45,Small
16624.0,810.57,Small
16625.0,333.08,Small
16626.0,4379.65,Medium
16627.0,322.8,Small
16628.0,2183.04,Small
16629.0,417.73,Small
16633.0,2878.15,Small
16634.0,217.9,Small
16637.0,1124.59,Small
16638.0,1676.47,Small
16639.0,1169.38,Small
16641.0,231.1,Small
16642.0,679.83,Small
16643.0,487.51,Small
16644.0,833.78,Small
16647.0,214.06,Small
16648.0,270.86,Small
16650.0,518.42,Small
16652.0,6654.26,Medium
16653.0,1166.92,Small
16654.0,594.97,Small
16655.0,3794.52,Medium
16656.0,8568.24,Medium
16657.0,933.62,Small
16658.0,123.24,Small
16659.0,39.12,Small
16660.0,810.45,Small
16665.0,135.4,Small
16666.0,118.98,Small
16667.0,570.13,Small
16668.0,306.72,Small
16669.0,1370.87,Small
16670.0,4022.46,Medium
16671.0,1692.27,Small
16672.0,8093.59,Medium
16674.0,319.61,Small
16676.0,1558.72,Small
16678.0,3013.83,Small
16679.0,129.75,Small
16680.0,183.7,Small
16681.0,1770.34,Small
16682.0,1028.0,Small
16684.0,65892.08,Large
16685.0,324.24,Small
16686.0,3043.48,Small
16688.0,1260.86,Small
16689.0,303.26,Small
16690.0,208.63,Small
16692.0,1276.0,Small
16693.0,482.01,Small
16696.0,657.9,Small
16697.0,112.75,Small
16698.0,1998.0,Small
16700.0,5040.0,Medium
16701.0,5150.27,Medium
16705.0,13946.13,Medium
16706.0,531.35,Small
16708.0,656.63,Small
16709.0,3029.87,Small
16710.0,2483.04,Small
16711.0,1651.03,Small
16712.0,3645.43,Medium
16713.0,6840.23,Medium
16714.0,911.53,Small
16715.0,301.72,Small
16716.0,319.8,Small
16717.0,3278.36,Small
16718.0,623.75,Small
16719.0,1773.92,Small
16720.0,155.24,Small
16721.0,292.47,Small
16722.0,4711.21,Medium
16723.0,589.15,Small
16725.0,775.07,Small
16726.0,1382.02,Small
16727.0,272.82,Small
16728.0,1054.67,Small
16729.0,7076.28,Medium
16730.0,702.79,Small
16732.0,603.75,Small
16734.0,650.51,Small
16735.0,2269.21,Small
16737.0,417.6,Small
16738.0,3.75,Small
16739.0,312.55,Small
16742.0,0.0,Small
16743.0,2191.84,Small
16744.0,1304.76,Small
16745.0,7170.7,Medium
16746.0,6694.31,Medium
16747.0,826.96,Small
16748.0,1515.9,Small
16750.0,623.93,Small
16751.0,1764.72,Small
16752.0,207.5,Small
16753.0,223.92,Small
16754.0,2002.4,Small
16755.0,1484.63,Small
16756.0,239.4,Small
16757.0,106.83,Small
16758.0,369.34,Small
16759.0,772.84,Small
16761.0,316.62,Small
16762.0,1501.38,Small
16763.0,594.9,Small
16764.0,2758.25,Small
16765.0,34.0,Small
16766.0,1145.6,Small
16767.0,5580.6,Medium
16768.0,458.04,Small
16769.0,380.39,Small
16770.0,744.9,Small
16771.0,2246.81,Small
16773.0,171.59,Small
16774.0,654.92,Small
16775.0,1695.66,Small
16776.0,388.28,Small
16777.0,226.35,Small
16778.0,245.94,Small
16779.0,10454.05,Medium
16780.0,425.19,Small
16781.0,294.65,Small
16782.0,2242.25,Small
16784.0,107.6,Small
16788.0,597.48,Small
16789.0,80.8,Small
16790.0,1520.12,Small
16791.0,1706.28,Small
16792.0,110.38,Small
16793.0,243.84,Small
16794.0,1201.51,Small
16795.0,414.88,Small
16796.0,305.62,Small
16800.0,1201.49,Small
16801.0,867.83,Small
16803.0,332.3,Small
16804.0,536.99,Small
16805.0,460.59,Small
16806.0,801.49,Small
16807.0,1121.59,Small
16808.0,288.42,Small
16809.0,912.74,Small
16810.0,275.64,Small
16811.0,547.07,Small
16812.0,479.35,Small
16813.0,1692.98,Small
16814.0,6500.6,Medium
16816.0,417.06,Small
16817.0,1446.95,Small
16818.0,3317.97,Small
16820.0,497.61,Small
16823.0,358.38,Small
16824.0,460.64,Small
16825.0,775.18,Small
16826.0,341.7,Small
16828.0,128.5,Small
16829.0,197.22,Small
16830.0,325.91,Small
16832.0,199.15,Small
16833.0,1106.53,Small
16834.0,413.46,Small
16835.0,180.85,Small
16836.0,251.87,Small
16837.0,3167.73,Small
16838.0,582.9,Small
16839.0,15357.78,Medium
16841.0,1774.62,Small
16842.0,1260.44,Small
16843.0,10183.82,Medium
16846.0,214.32,Small
16847.0,193.44,Small
16848.0,281.42,Small
16849.0,124.57,Small
16850.0,332.41,Small
16851.0,342.45,Small
16852.0,144.91,Small
16855.0,328.4,Small
16856.0,35.4,Small
16858.0,345.89,Small
16859.0,473.14,Small
16861.0,151.65,Small
16863.0,481.35,Small
16866.0,207.74,Small
16869.0,805.62,Small
16871.0,2761.49,Small
16872.0,680.02,Small
16873.0,7066.31,Medium
16875.0,2023.47,Small
16877.0,853.72,Small
16878.0,0.0,Small
16880.0,1519.08,Small
16881.0,432.0,Small
16882.0,705.12,Small
16883.0,276.73,Small
16884.0,429.84,Small
16885.0,471.51,Small
16887.0,194.88,Small
16889.0,1578.67,Small
16891.0,809.7,Small
16892.0,496.84,Small
16893.0,145.93,Small
16895.0,219.14,Small
16897.0,213.03,Small
16898.0,444.46,Small
16899.0,1281.56,Small
16900.0,187.69,Small
16902.0,1706.88,Small
16903.0,373.24,Small
16904.0,3754.27,Medium
16905.0,3085.48,Small
16906.0,579.77,Small
16907.0,981.65,Small
16909.0,364.14,Small
16910.0,1510.06,Small
16912.0,2528.67,Small
16913.0,113.44,Small
16914.0,208.46,Small
16915.0,621.68,Small
16916.0,576.26,Small
16917.0,391.52,Small
16918.0,1043.34,Small
16919.0,2596.45,Small
16921.0,169.79,Small
16923.0,6666.83,Medium
16924.0,739.5,Small
16926.0,230.25,Small
16927.0,543.05,Small
16928.0,2781.5,Small
16929.0,1295.39,Small
16930.0,380.55,Small
16931.0,4604.22,Medium
16932.0,161.94,Small
16933.0,530.08,Small
16934.0,950.93,Small
16936.0,262.68,Small
16938.0,1903.13,Small
16940.0,3049.88,Small
16942.0,1894.11,Small
16943.0,816.73,Small
16945.0,4345.5,Medium
16947.0,406.48,Small
16948.0,435.02,Small
16949.0,1161.27,Small
16950.0,1178.56,Small
16951.0,1262.75,Small
16952.0,167.61,Small
16953.0,20.8,Small
16954.0,2085.08,Small
16955.0,493.67,Small
16956.0,292.34,Small
16957.0,416.64,Small
16959.0,117.35,Small
16960.0,507.05,Small
16961.0,234.17,Small
16963.0,110.55,Small
16965.0,201.19,Small
16966.0,2148.47,Small
16967.0,319.02,Small
16968.0,439.43,Small
16969.0,650.41,Small
16971.0,232.21,Small
16976.0,251.52,Small
16978.0,344.33,Small
16979.0,1809.05,Small
16980.0,1078.96,Small
16982.0,384.06,Small
16983.0,1920.2,Small
16984.0,4392.42,Medium
16985.0,5461.62,Medium
16986.0,1873.2,Small
16987.0,1625.05,Small
16988.0,126.12,Small
16989.0,1133.25,Small
16990.0,179.0,Small
16992.0,1601.86,Small
16995.0,-1.25,Small
16996.0,1427.46,Small
16997.0,702.0,Small
16998.0,287.02,Small
16999.0,484.82,Small
17001.0,3989.57,Medium
17002.0,1487.78,Small
17004.0,1412.94,Small
17006.0,781.78,Small
17007.0,877.43,Small
17010.0,185.46,Small
17011.0,270.9,Small
17014.0,565.58,Small
17015.0,1842.56,Small
17017.0,8574.11,Medium
17018.0,920.1,Small
17019.0,1272.61,Small
17022.0,71.0,Small
17024.0,95.85,Small
17025.0,357.77,Small
17026.0,154.83,Small
17027.0,848.59,Small
17029.0,716.0,Small
17030.0,146.87,Small
17031.0,380.35,Small
17033.0,1030.14,Small
17034.0,734.57,Small
17035.0,388.33,Small
17037.0,1253.22,Small
17038.0,112.4,Small
17040.0,449.73,Small
17041.0,1065.77,Small
17042.0,1044.38,Small
17043.0,1735.18,Small
17044.0,897.43,Small
17045.0,339.44,Small
17046.0,642.02,Small
17047.0,1100.9,Small
17048.0,864.32,Small
17049.0,5594.78,Medium
17050.0,3228.84,Small
17051.0,247.14,Small
17052.0,413.75,Small
17053.0,496.38,Small
17054.0,1353.83,Small
17058.0,1179.89,Small
17059.0,3095.04,Small
17060.0,234.24,Small
17061.0,5116.13,Medium
17062.0,534.47,Small
17063.0,1421.59,Small
17064.0,859.35,Small
17065.0,-112.35,Small
17068.0,4531.34,Medium
17069.0,2655.22,Small
17070.0,312.14,Small
17071.0,2385.48,Small
17073.0,1446.09,Small
17075.0,813.77,Small
17076.0,841.08,Small
17078.0,378.2,Small
17079.0,118.8,Small
17080.0,285.5,Small
17081.0,290.16,Small
17082.0,2003.85,Small
17083.0,1405.78,Small
17084.0,2949.75,Small
17085.0,1555.05,Small
17086.0,2050.08,Small
17088.0,1991.01,Small
17090.0,2041.85,Small
17091.0,3802.81,Medium
17092.0,1777.78,Small
17094.0,270.2,Small
17095.0,1088.2,Small
17096.0,992.68,Small
17097.0,937.92,Small
17100.0,971.74,Small
17101.0,1621.73,Small
17102.0,25.5,Small
17105.0,665.78,Small
17107.0,10380.43,Medium
17109.0,869.68,Small
17110.0,163.3,Small
17111.0,248.61,Small
17114.0,747.22,Small
17115.0,806.9,Small
17117.0,116.2,Small
17118.0,157.02,Small
17119.0,593.61,Small
17120.0,307.46,Small
17122.0,138.32,Small
17123.0,345.3,Small
17124.0,298.89,Small
17125.0,259.35,Small
17126.0,991.85,Small
17128.0,157.09,Small
17131.0,2463.17,Small
17133.0,4892.24,Medium
17134.0,425.0,Small
17135.0,1139.73,Small
17138.0,380.5,Small
17139.0,10585.57,Medium
17140.0,465.32,Small
17142.0,579.0,Small
17144.0,984.57,Small
17146.0,749.78,Small
17147.0,1679.64,Small
17148.0,124.88,Small
17152.0,1503.5,Small
17153.0,213.78,Small
17154.0,329.34,Small
17155.0,251.7,Small
17157.0,306.55,Small
17158.0,1266.97,Small
17159.0,1534.73,Small
17160.0,3518.03,Medium
17162.0,1707.21,Small
17163.0,293.1,Small
17164.0,2466.4,Small
17165.0,158.68,Small
17166.0,189.49,Small
17169.0,816.88,Small
17171.0,224.91,Small
17172.0,313.26,Small
17173.0,3755.65,Medium
17174.0,59.9,Small
17175.0,1430.94,Small
17176.0,306.13,Small
17179.0,711.79,Small
17180.0,780.38,Small
17181.0,239.92,Small
17183.0,3286.91,Small
17186.0,144.0,Small
17187.0,203.95,Small
17188.0,2275.58,Small
17189.0,384.4,Small
17190.0,249.74,Small
17191.0,2095.13,Small
17193.0,1674.46,Small
17194.0,262.62,Small
17197.0,1013.01,Small
17198.0,692.22,Small
17201.0,342.63,Small
17203.0,3563.85,Medium
17204.0,1352.91,Small
17205.0,384.08,Small
17206.0,204.24,Small
17211.0,2299.67,Small
17212.0,226.85,Small
17213.0,2741.08,Small
17214.0,984.12,Small
17217.0,113.5,Small
17218.0,1960.72,Small
17219.0,114.23,Small
17220.0,3198.25,Small
17221.0,335.13,Small
17222.0,354.15,Small
17223.0,426.79,Small
17226.0,393.49,Small
17227.0,939.32,Small
17228.0,1906.09,Small
17229.0,318.76,Small
17230.0,3466.67,Small
17231.0,3127.82,Small
17232.0,421.52,Small
17233.0,190.88,Small
17234.0,149.89,Small
17235.0,550.06,Small
17236.0,916.13,Small
17237.0,314.69,Small
17238.0,3744.65,Medium
17239.0,379.95,Small
17242.0,1135.04,Small
17243.0,8628.55,Medium
17244.0,954.9,Small
17245.0,171.45,Small
17247.0,282.19,Small
17248.0,318.65,Small
17250.0,384.52,Small
17251.0,283.28,Small
17252.0,353.86,Small
17253.0,178.26,Small
17254.0,272.44,Small
17255.0,298.41,Small
17256.0,240.0,Small
17259.0,603.37,Small
17262.0,1253.36,Small
17263.0,63.44,Small
17265.0,562.9,Small
17266.0,310.64,Small
17267.0,317.62,Small
17268.0,763.64,Small
17272.0,2144.53,Small
17274.0,111.98,Small
17277.0,1065.35,Small
17278.0,246.04,Small
17279.0,187.83,Small
17282.0,1703.41,Small
17284.0,1641.68,Small
17286.0,153.92,Small
17287.0,1064.11,Small
17288.0,1419.73,Small
17289.0,936.16,Small
17290.0,525.24,Small
17291.0,550.8,Small
17293.0,1875.11,Small
17295.0,556.95,Small
17297.0,131.78,Small
17298.0,498.42,Small
17299.0,669.11,Small
17301.0,197.63,Small
17302.0,1119.93,Small
17303.0,250.04,Small
17306.0,8600.73,Medium
17307.0,-152.64,Small
17309.0,82.75,Small
17311.0,1384.85,Small
17312.0,644.3,Small
17313.0,2288.13,Small
17314.0,2514.76,Small
17315.0,6204.46,Medium
17317.0,2524.02,Small
17320.0,1200.62,Small
17321.0,700.86,Small
17323.0,908.99,Small
17324.0,990.23,Small
17325.0,96.8,Small
17329.0,523.11,Small
17330.0,363.9,Small
17331.0,175.2,Small
17333.0,494.25,Small
17334.0,306.6,Small
17337.0,1944.32,Small
17338.0,6612.18,Medium
17339.0,243.36,Small
17340.0,11891.18,Medium
17341.0,781.36,Small
17343.0,193.64,Small
17344.0,160.57,Small
17345.0,537.74,Small
17346.0,2611.58,Small
17347.0,228.96,Small
17348.0,1159.52,Small
17349.0,110.75,Small
17350.0,1256.19,Small
17351.0,587.15,Small
17353.0,1740.0,Small
17354.0,1393.06,Small
17356.0,178.22,Small
17357.0,388.14,Small
17358.0,365.85,Small
17359.0,127.86,Small
17360.0,585.79,Small
17361.0,488.2,Small
17362.0,312.23,Small
17364.0,4455.73,Medium
17365.0,4801.56,Medium
17367.0,168.4,Small
17368.0,1349.52,Small
17370.0,446.18,Small
17371.0,423.89,Small
17372.0,1342.68,Small
17373.0,646.92,Small
17374.0,495.77,Small
17375.0,372.5,Small
17376.0,203.2,Small
17377.0,3925.92,Medium
17379.0,404.66,Small
17381.0,20272.43,Medium
17382.0,65.4,Small
17383.0,199.29,Small
17384.0,336.4,Small
17385.0,261.11,Small
17386.0,2686.42,Small
17387.0,784.11,Small
17388.0,1259.56,Small
17389.0,31300.08,Medium
17391.0,508.8,Small
17392.0,457.91,Small
17394.0,203.87,Small
17396.0,7330.8,Medium
17397.0,696.41,Small
17398.0,653.38,Small
17400.0,2129.96,Small
17402.0,2633.85,Small
17403.0,281.62,Small
17404.0,30300.82,Medium
17405.0,967.22,Small
17406.0,1928.72,Small
17408.0,32.65,Small
17409.0,771.85,Small
17410.0,1214.72,Small
17411.0,748.94,Small
17412.0,1258.06,Small
17414.0,778.0,Small
17415.0,507.84,Small
17416.0,6838.34,Medium
17418.0,463.46,Small
17419.0,4200.97,Medium
17420.0,598.83,Small
17422.0,1853.13,Small
17423.0,663.63,Small
17425.0,759.17,Small
17426.0,5022.26,Medium
17427.0,100.8,Small
17428.0,17078.45,Medium
17429.0,512.12,Small
17430.0,265.76,Small
17431.0,403.3,Small
17432.0,365.76,Small
17433.0,303.16,Small
17434.0,2333.42,Small
17436.0,216.3,Small
17438.0,378.3,Small
17440.0,177.1,Small
17442.0,2210.26,Small
17443.0,534.24,Small
17444.0,2940.04,Small
17446.0,120.9,Small
17447.0,541.53,Small
17448.0,-4287.63,Small
17449.0,2504.86,Small
17450.0,187482.17,Large
17451.0,1648.95,Small
17453.0,486.72,Small
17454.0,517.53,Small
17455.0,131.7,Small
17456.0,249.86,Small
17457.0,1737.7,Small
17458.0,316.5,Small
17459.0,657.3,Small
17460.0,452.63,Small
17461.0,757.46,Small
17462.0,662.94,Small
17463.0,1881.36,Small
17464.0,289.96,Small
17466.0,763.28,Small
17468.0,137.0,Small
17469.0,1843.06,Small
17470.0,1125.07,Small
17472.0,710.29,Small
17475.0,194.37,Small
17480.0,506.51,Small
17481.0,1249.34,Small
17483.0,414.04,Small
17486.0,396.87,Small
17489.0,376.64,Small
17490.0,1926.88,Small
17491.0,3541.92,Medium
17492.0,374.57,Small
17495.0,497.56,Small
17496.0,271.05,Small
17498.0,272.22,Small
17499.0,622.88,Small
17500.0,1138.0,Small
17501.0,288.6,Small
17502.0,689.1,Small
17503.0,558.96,Small
17504.0,2745.28,Small
17505.0,1145.84,Small
17506.0,294.29,Small
17507.0,605.58,Small
17508.0,387.31,Small
17509.0,6100.74,Medium
17510.0,308.48,Small
17511.0,88125.38,Large
17512.0,2920.04,Small
17513.0,513.2,Small
17514.0,208.65,Small
17515.0,639.02,Small
17516.0,768.08,Small
17517.0,153.94,Small
17519.0,1839.07,Small
17520.0,546.81,Small
17521.0,721.96,Small
17522.0,1070.71,Small
17523.0,652.74,Small
17524.0,145.0,Small
17525.0,422.7,Small
17526.0,706.7,Small
17527.0,888.86,Small
17528.0,3540.1,Medium
17530.0,2385.0,Small
17531.0,293.45,Small
17534.0,223.36,Small
17535.0,164.4,Small
17536.0,76.5,Small
17537.0,897.62,Small
17538.0,98.42,Small
17540.0,570.4,Small
17542.0,170.75,Small
17545.0,645.96,Small
17547.0,-11.8,Small
17548.0,-141.48,Small
17549.0,148.86,Small
17550.0,267.16,Small
17551.0,306.84,Small
17552.0,909.96,Small
17553.0,1487.6,Small
17554.0,1952.45,Small
17555.0,483.26,Small
17556.0,157.9,Small
17557.0,541.46,Small
17560.0,854.95,Small
17561.0,167.62,Small
17562.0,1107.38,Small
17564.0,454.01,Small
17566.0,901.21,Small
17567.0,4012.56,Medium
17569.0,344.14,Small
17571.0,1498.51,Small
17572.0,226.75,Small
17573.0,362.9,Small
17574.0,185.65,Small
17576.0,3457.78,Small
17578.0,124.74,Small
17579.0,440.2,Small
17580.0,215.72,Small
17581.0,10736.11,Medium
17582.0,175.27,Small
17584.0,1227.3,Small
17585.0,1133.07,Small
17588.0,1240.2,Small
17589.0,2404.17,Small
17590.0,1479.22,Small
17591.0,2215.02,Small
17593.0,3911.56,Medium
17594.0,993.18,Small
17595.0,388.79,Small
17596.0,2827.93,Small
17597.0,2044.37,Small
17600.0,161.67,Small
17601.0,116.01,Small
17602.0,5050.77,Medium
17603.0,-1165.3,Small
17604.0,309.36,Small
17608.0,193.42,Small
17609.0,1103.92,Small
17611.0,3947.87,Medium
17612.0,1992.76,Small
17613.0,4509.37,Medium
17614.0,390.07,Small
17615.0,329.6,Small
17616.0,571.2,Small
17618.0,971.58,Small
17619.0,218.52,Small
17620.0,81.44,Small
17621.0,1336.1,Small
17623.0,527.05,Small
17624.0,843.48,Small
17625.0,2047.0,Small
17628.0,75.75,Small
17629.0,1784.12,Small
17630.0,503.6,Small
17631.0,528.33,Small
17633.0,1242.34,Small
17634.0,2361.97,Small
17636.0,265.93,Small
17637.0,547.06,Small
17639.0,108.5,Small
17640.0,621.66,Small
17642.0,712.29,Small
17643.0,101.55,Small
17644.0,2768.98,Small
17646.0,995.66,Small
17647.0,133.06,Small
17648.0,1789.55,Small
17649.0,861.74,Small
17650.0,166.08,Small
17651.0,3886.67,Medium
17652.0,4737.13,Medium
17653.0,1175.88,Small
17654.0,117.55,Small
17655.0,2571.74,Small
17656.0,1674.69,Small
17658.0,485.88,Small
17659.0,2954.75,Small
17660.0,196.0,Small
17663.0,1788.27,Small
17664.0,604.64,Small
17666.0,728.16,Small
17667.0,2055.51,Small
17668.0,347.75,Small
17669.0,3406.72,Small
17670.0,205.7,Small
17671.0,1284.08,Small
17672.0,3106.62,Small
17673.0,1622.22,Small
17674.0,551.04,Small
17675.0,20098.1,Medium
17676.0,1383.27,Small
17677.0,16219.22,Medium
17678.0,298.11,Small
17679.0,1992.11,Small
17680.0,184.4,Small
17682.0,2459.33,Small
17684.0,239.41,Small
17685.0,3191.53,Small
17686.0,5739.46,Medium
17690.0,4748.45,Medium
17691.0,290.4,Small
17692.0,733.44,Small
17693.0,187.02,Small
17694.0,283.12,Small
17695.0,765.34,Small
17696.0,2201.05,Small
17697.0,338.95,Small
17698.0,154.95,Small
17700.0,2508.89,Small
17701.0,417.95,Small
17702.0,1719.72,Small
17703.0,798.74,Small
17704.0,885.19,Small
17705.0,1781.12,Small
17706.0,10097.37,Medium
17707.0,152.4,Small
17708.0,267.08,Small
17709.0,137.45,Small
17711.0,385.1,Small
17712.0,522.91,Small
17714.0,153.0,Small
17715.0,326.4,Small
17716.0,5505.79,Medium
17718.0,139.35,Small
17719.0,5367.8,Medium
17720.0,1195.94,Small
17722.0,2380.64,Small
17723.0,3276.4,Small
17724.0,995.65,Small
17725.0,3371.13,Small
17727.0,1042.55,Small
17728.0,2515.68,Small
17730.0,5288.83,Medium
17731.0,878.2,Small
17732.0,303.97,Small
17733.0,692.19,Small
17734.0,700.63,Small
17735.0,13110.02,Medium
17736.0,337.49,Small
17737.0,168.24,Small
17738.0,1863.35,Small
17739.0,2786.05,Small
17742.0,355.11,Small
17744.0,2291.08,Small
17746.0,98.8,Small
17747.0,64.65,Small
17749.0,674.52,Small
17750.0,1797.57,Small
17752.0,80.64,Small
17754.0,1739.92,Small
17757.0,5585.49,Medium
17758.0,3456.7,Small
17759.0,834.99,Small
17760.0,287.59,Small
17761.0,712.78,Small
17763.0,15.0,Small
17764.0,818.82,Small
17765.0,371.88,Small
17767.0,271.2,Small
17768.0,2273.18,Small
17769.0,3960.63,Medium
17770.0,1143.27,Small
17771.0,245.81,Small
17772.0,182.77,Small
17774.0,1215.46,Small
17775.0,56.4,Small
17777.0,665.86,Small
17779.0,642.17,Small
17781.0,188.02,Small
17783.0,283.47,Small
17785.0,131.94,Small
17786.0,278.74,Small
17787.0,1865.19,Small
17788.0,1117.9,Small
17789.0,225.9,Small
17790.0,1965.55,Small
17791.0,106.1,Small
17793.0,323.04,Small
17795.0,350.39,Small
17796.0,697.9,Small
17797.0,780.43,Small
17799.0,3026.08,Small
17800.0,1199.01,Small
17802.0,1251.84,Small
17805.0,512.31,Small
17806.0,546.04,Small
17809.0,4627.62,Medium
17811.0,7677.71,Medium
17812.0,732.16,Small
17813.0,1714.6,Small
17816.0,36.56,Small
17817.0,387.68,Small
17819.0,3661.07,Medium
17820.0,-24.05,Small
17824.0,298.4,Small
17827.0,1995.46,Small
17828.0,1599.97,Small
17829.0,889.24,Small
17830.0,398.7,Small
17831.0,35.4,Small
17832.0,155.37,Small
17835.0,350.64,Small
17836.0,110.21,Small
17837.0,1560.53,Small
17838.0,2312.7,Small
17839.0,338.8,Small
17841.0,40340.78,Large
17843.0,205.48,Small
17844.0,51.56,Small
17846.0,2033.1,Small
17848.0,901.2,Small
17849.0,605.8,Small
17850.0,5288.63,Medium
17852.0,114.34,Small
17854.0,311.26,Small
17855.0,208.97,Small
17856.0,1393.79,Small
17857.0,26763.34,Medium
17858.0,5155.66,Medium
17859.0,148.21,Small
17860.0,252.8,Small
17861.0,2059.2,Small
17862.0,330.9,Small
17863.0,3160.0,Small
17864.0,597.5,Small
17865.0,10158.54,Medium
17866.0,325.7,Small
17867.0,622.75,Small
17869.0,428.18,Small
17870.0,1889.4,Small
17871.0,155.9,Small
17873.0,1764.36,Small
17874.0,658.26,Small
17877.0,237.61,Small
17878.0,379.45,Small
17879.0,178.52,Small
17880.0,458.92,Small
17881.0,133.35,Small
17883.0,671.77,Small
17884.0,717.45,Small
17885.0,190.19,Small
17886.0,899.61,Small
17887.0,111.35,Small
17888.0,525.78,Small
17889.0,203.87,Small
17890.0,602.09,Small
17891.0,203.86,Small
17892.0,244.1,Small
17893.0,112.25,Small
17894.0,1119.81,Small
17895.0,98.0,Small
17896.0,256.32,Small
17897.0,541.1,Small
17898.0,152.06,Small
17899.0,155.8,Small
17900.0,15.0,Small
17901.0,110.38,Small
17904.0,178.92,Small
17905.0,800.24,Small
17906.0,72.9,Small
17908.0,243.28,Small
17911.0,366.23,Small
17912.0,295.61,Small
17913.0,411.6,Small
17914.0,336.43,Small
17917.0,341.28,Small
17919.0,1304.04,Small
17920.0,4204.1,Medium
17921.0,826.52,Small
17923.0,207.5,Small
17924.0,2894.33,Small
17925.0,244.08,Small
17926.0,397.29,Small
17928.0,212.54,Small
17929.0,834.5,Small
17930.0,1740.48,Small
17931.0,408.36,Small
17932.0,1331.57,Small
17934.0,704.25,Small
17935.0,145.79,Small
17936.0,389.84,Small
17937.0,4301.22,Medium
17939.0,99.14,Small
17940.0,1983.58,Small
17941.0,304.56,Small
17942.0,77.5,Small
17946.0,149.58,Small
17947.0,176.68,Small
17948.0,358.56,Small
17949.0,52750.84,Large
17950.0,472.12,Small
17951.0,990.84,Small
17954.0,2295.37,Small
17955.0,557.3,Small
17956.0,12.75,Small
17957.0,111.68,Small
17958.0,508.46,Small
17960.0,73.78,Small
17961.0,1296.44,Small
17962.0,102.83,Small
17964.0,471.7,Small
17965.0,2622.57,Small
17966.0,1098.43,Small
17967.0,123.07,Small
17968.0,277.35,Small
17969.0,228.2,Small
17970.0,582.59,Small
17972.0,136.04,Small
17973.0,337.04,Small
17974.0,740.79,Small
17975.0,4393.61,Medium
17976.0,353.19,Small
17977.0,288.14,Small
17978.0,300.92,Small
17979.0,737.81,Small
17980.0,811.45,Small
17984.0,152.68,Small
17985.0,634.95,Small
17986.0,20.8,Small
17987.0,198.57,Small
17988.0,191.17,Small
17990.0,630.84,Small
17991.0,93.35,Small
17994.0,629.69,Small
17995.0,76.1,Small
17997.0,1511.3,Small
17999.0,382.06,Small
18001.0,417.23,Small
18004.0,169.47,Small
18005.0,249.72,Small
18006.0,444.68,Small
18008.0,2116.19,Small
18009.0,252.24,Small
18010.0,174.8,Small
18011.0,102.79,Small
18013.0,187.29,Small
18014.0,166.42,Small
18015.0,120.03,Small
18016.0,1483.56,Small
18017.0,523.0,Small
18018.0,122.14,Small
18019.0,38.45,Small
18022.0,668.11,Small
18024.0,236.78,Small
18027.0,115.31,Small
18030.0,220.7,Small
18032.0,73.5,Small
18033.0,97.97,Small
18034.0,422.88,Small
18035.0,730.4,Small
18036.0,405.62,Small
18037.0,70.02,Small
18040.0,357.2,Small
18041.0,4161.14,Medium
18042.0,165.05,Small
18043.0,559.51,Small
18044.0,2085.65,Small
18045.0,189.4,Small
18048.0,172.29,Small
18050.0,74.4,Small
18053.0,297.07,Small
18055.0,6752.14,Medium
18056.0,363.65,Small
18058.0,170.16,Small
18059.0,296.71,Small
18061.0,2119.41,Small
18062.0,720.52,Small
18064.0,814.0,Small
18065.0,2380.08,Small
18066.0,318.0,Small
18067.0,396.33,Small
18068.0,101.7,Small
18069.0,2021.82,Small
18071.0,453.0,Small
18072.0,-0.0,Small
18073.0,3864.44,Medium
18074.0,489.6,Small
18075.0,2538.72,Small
18077.0,2633.01,Small
18078.0,336.13,Small
18079.0,3651.97,Medium
18080.0,1231.5,Small
18081.0,343.45,Small
18082.0,703.37,Small
18084.0,87.53,Small
18085.0,689.95,Small
18086.0,101.34,Small
18087.0,3770.12,Medium
18088.0,167.67,Small
18092.0,9065.76,Medium
18093.0,2083.42,Small
18094.0,3017.3,Small
18095.0,580.05,Small
18096.0,911.15,Small
18097.0,2692.85,Small
18099.0,168.31,Small
18101.0,223.65,Small
18102.0,256438.49,Large
18104.0,754.64,Small
18105.0,113.48,Small
18106.0,430.7,Small
18108.0,264.65,Small
18109.0,7925.32,Medium
18110.0,206.05,Small
18112.0,352.69,Small
18113.0,76.32,Small
18114.0,220.1,Small
18116.0,1418.03,Small
18117.0,320.72,Small
18118.0,5595.77,Medium
18119.0,181.12,Small
18120.0,111.15,Small
18121.0,673.1,Small
18122.0,1826.21,Small
18123.0,589.44,Small
18125.0,1141.34,Small
18126.0,206.83,Small
18127.0,348.73,Small
18129.0,112.55,Small
18130.0,1045.74,Small
18133.0,715.5,Small
18135.0,681.91,Small
18136.0,761.83,Small
18138.0,152.65,Small
18139.0,8393.22,Medium
18141.0,-35.4,Small
18142.0,1014.9,Small
18143.0,1000.16,Small
18144.0,2888.75,Small
18145.0,2861.55,Small
18146.0,160.35,Small
18147.0,179.34,Small
18149.0,612.08,Small
18150.0,566.58,Small
18151.0,653.35,Small
18154.0,399.19,Small
18155.0,347.82,Small
18156.0,734.94,Small
18158.0,451.75,Small
18159.0,530.15,Small
18160.0,638.06,Small
18161.0,1612.79,Small
18164.0,394.7,Small
18165.0,302.46,Small
18167.0,1355.51,Small
18168.0,1133.64,Small
18169.0,202.65,Small
18170.0,980.31,Small
18171.0,1208.51,Small
18172.0,7490.17,Medium
18173.0,2106.84,Small
18174.0,104.0,Small
18176.0,448.65,Small
18177.0,1314.17,Small
18178.0,1573.41,Small
18179.0,1793.17,Small
18180.0,1843.75,Small
18181.0,382.8,Small
18183.0,600.52,Small
18184.0,49.8,Small
18185.0,304.25,Small
18188.0,1998.49,Small
18189.0,1084.34,Small
18190.0,274.51,Small
18191.0,207.8,Small
18192.0,957.97,Small
18193.0,212.96,Small
18194.0,896.0,Small
18196.0,689.13,Small
18198.0,5083.06,Medium
18200.0,163.8,Small
18202.0,1396.99,Small
18203.0,160.42,Small
18204.0,1979.3,Small
18205.0,517.36,Small
18209.0,139.1,Small
18210.0,2621.38,Small
18211.0,600.07,Small
18212.0,248.42,Small
18213.0,232.48,Small
18215.0,299.34,Small
18216.0,481.75,Small
18217.0,621.75,Small
18218.0,626.38,Small
18219.0,2019.77,Small
18220.0,297.78,Small
18221.0,1033.31,Small
18222.0,443.0,Small
18223.0,6315.23,Medium
18224.0,158.95,Small
18225.0,5361.02,Medium
18226.0,5192.1,Medium
18227.0,93.75,Small
18228.0,769.2,Small
18229.0,7276.9,Medium
18230.0,2716.6,Small
18231.0,2066.17,Small
18232.0,582.47,Small
18233.0,440.0,Small
18235.0,1796.48,Small
18236.0,882.24,Small
18237.0,987.1,Small
18239.0,1561.61,Small
18240.0,422.58,Small
18241.0,2058.09,Small
18242.0,2232.49,Small
18245.0,2507.56,Small
18246.0,596.1,Small
18248.0,783.02,Small
18249.0,95.34,Small
18250.0,342.92,Small
18251.0,4314.72,Medium
18252.0,526.67,Small
18255.0,103.3,Small
18256.0,-50.1,Small
18257.0,2265.38,Small
18259.0,2338.6,Small
18260.0,2595.0,Small
18261.0,324.24,Small
18262.0,149.48,Small
18263.0,1211.08,Small
18265.0,801.51,Small
18268.0,0.0,Small
18269.0,138.9,Small
18270.0,238.95,Small
18272.0,3064.78,Small
18273.0,204.0,Small
18274.0,0.0,Small
18276.0,323.36,Small
18277.0,97.63,Small
18278.0,173.9,Small
18280.0,180.6,Small
18281.0,80.82,Small
18282.0,176.6,Small
18283.0,2094.88,Small
18287.0,1837.28,Small
,1447682.12,Large
